ji	leftside	ji	leftside	pʰi	calf (of leg)	kʰu	chin	wat	angry (hear is bursting)
pʰi	calf (of leg)	kʰu	chin	wat	angry (hear is bursting)	lwe	forget	ði	water
pʰi	calf (of leg)	kʰu	chin	wat	angry (hear is bursting)	lwe	forget	ði	water
pʰi	calf (of leg)	kʰu	chin	wat	angry (hear is bursting)	lwe	forget	ði	water
pʰi	calf (of leg)	kʰu	chin	wat	angry (hear is bursting)	lwe	forget	ði	water
pʰi	calf (of leg)	kʰu	chin	wat	angry (hear is bursting)	lwe	forget	ði	water
we	mother	we	mother	pʰi	calf (of leg)	kʰu	chin	wat	angry (hear is bursting)
pʰi	calf (of leg)	kʰu	chin	wat	angry (hear is bursting)	lwe	forget	ði	water
ko	thin	pʰi	calf (of leg)	kʰu	chin	wat	angry (hear is bursting)	lwe	forget
kʰə	laugh	kʰə	laugh	ni	laugh	pʰi	calf (of leg)	kʰu	chin
lo	shadow	pʰi	calf (of leg)	kʰu	chin	wat	angry (hear is bursting)	lwe	forget
pʰi	calf (of leg)	kʰu	chin	wat	angry (hear is bursting)	lwe	forget	ði	water
ki	bite	pʰi	calf (of leg)	kʰu	chin	wat	angry (hear is bursting)	lwe	forget
ðar	sister (younger than male ego)	ðar	sister (younger than male ego)	pʰi	calf (of leg)	kʰu	chin	wat	angry (hear is bursting)
ke	head	pʰi	calf (of leg)	kʰu	chin	wat	angry (hear is bursting)	lwe	forget
wu	go	pʰi	calf (of leg)	kʰu	chin	wat	angry (hear is bursting)	lwe	forget
pʰi	calf (of leg)	kʰu	chin	wat	angry (hear is bursting)	lwe	forget	ði	water
pʰi	calf (of leg)	kʰu	chin	wat	angry (hear is bursting)	lwe	forget	ði	water
ʃu	dove	pʰi	calf (of leg)	kʰu	chin	wat	angry (hear is bursting)	lwe	forget
pʰi	calf (of leg)	kʰu	chin	wat	angry (hear is bursting)	lwe	forget	ði	water
ðar	sister (younger than male ego)	ðar	sister (younger than male ego)	pʰi	calf (of leg)	kʰu	chin	wat	angry (hear is bursting)
kʰur	anus	pʰi	calf (of leg)	kʰu	chin	wat	angry (hear is bursting)	lwe	forget
tʰar	new	pʰi	calf (of leg)	kʰu	chin	wat	angry (hear is bursting)	lwe	forget
pʰi	calf (of leg)	kʰu	chin	wat	angry (hear is bursting)	lwe	forget	ði	water
pot	soft	pʰi	calf (of leg)	kʰu	chin	wat	angry (hear is bursting)	lwe	forget
no	child	pʰi	calf (of leg)	kʰu	chin	wat	angry (hear is bursting)	lwe	forget
we	eat (fruit)	pʰi	calf (of leg)	kʰu	chin	wat	angry (hear is bursting)	lwe	forget
vu	father-in-law	vu	father-in-law	pʰi	calf (of leg)	kʰu	chin	wat	angry (hear is bursting)
pʰi	calf (of leg)	kʰu	chin	wat	angry (hear is bursting)	lwe	forget	ði	water
kop	shoot	pʰi	calf (of leg)	kʰu	chin	wat	angry (hear is bursting)	lwe	forget
vu	grandfather	vu	grandfather	vu	grandfather	pʰi	calf (of leg)	kʰu	chin
ru	untie	pʰi	calf (of leg)	kʰu	chin	wat	angry (hear is bursting)	lwe	forget
pʰi	calf (of leg)	kʰu	chin	wat	angry (hear is bursting)	lwe	forget	ði	water
pʰi	calf (of leg)	kʰu	chin	wat	angry (hear is bursting)	lwe	forget	ði	water
tʰɐ	bile	pʰi	calf (of leg)	kʰu	chin	wat	angry (hear is bursting)	lwe	forget
pʰi	calf (of leg)	kʰu	chin	wat	angry (hear is bursting)	lwe	forget	ði	water
rɐk	louse	rɐk	louse	rɐk	louse	pʰi	calf (of leg)	kʰu	chin
pʰi	calf (of leg)	kʰu	chin	wat	angry (hear is bursting)	lwe	forget	ði	water
ðar	sister (younger than male ego)	ðar	sister (younger than male ego)	pʰi	calf (of leg)	kʰu	chin	wat	angry (hear is bursting)
kʰuk	knee	kʰuk	knee	kʰuk	knee	pʰi	calf (of leg)	kʰu	chin
pʰi	calf (of leg)	kʰu	chin	wat	angry (hear is bursting)	lwe	forget	ði	water
sɐ	scoop out	sɐ	scoop out	sɐ	scoop out	pʰi	calf (of leg)	kʰu	chin
kwi	twenty	kwi	twenty	kwi	twenty	pʰi	calf (of leg)	kʰu	chin
pʰi	calf (of leg)	kʰu	chin	wat	angry (hear is bursting)	lwe	forget	ði	water
sɐ	die	pʰi	calf (of leg)	kʰu	chin	wat	angry (hear is bursting)	lwe	forget
pʰi	calf (of leg)	kʰu	chin	wat	angry (hear is bursting)	lwe	forget	ði	water
pʰi	calf (of leg)	kʰu	chin	wat	angry (hear is bursting)	lwe	forget	ði	water
li	squirrel	li	squirrel	li	squirrel	pʰi	calf (of leg)	kʰu	chin
rɐ	bone	rɐ	bone	rɐ	bone	pʰi	calf (of leg)	kʰu	chin
pʰi	calf (of leg)	kʰu	chin	wat	angry (hear is bursting)	lwe	forget	ði	water
fu	elephant	fu	elephant	fu	elephant	fu	elephant	pʰi	calf (of leg)
tɕe	burn	pʰi	calf (of leg)	kʰu	chin	wat	angry (hear is bursting)	lwe	forget
kon	cross	pʰi	calf (of leg)	kʰu	chin	wat	angry (hear is bursting)	lwe	forget
nwe	near	pʰi	calf (of leg)	kʰu	chin	wat	angry (hear is bursting)	lwe	forget
fu	bamboo	fu	bamboo	fu	bamboo	pʰi	calf (of leg)	kʰu	chin
pʰi	calf (of leg)	kʰu	chin	wat	angry (hear is bursting)	lwe	forget	ði	water
sɐ	blood	sɐ	blood	sɐ	blood	pʰi	calf (of leg)	kʰu	chin
pʰi	calf (of leg)	kʰu	chin	wat	angry (hear is bursting)	lwe	forget	ði	water
pʰi	calf (of leg)	kʰu	chin	wat	angry (hear is bursting)	lwe	forget	ði	water
pʰi	calf (of leg)	kʰu	chin	wat	angry (hear is bursting)	lwe	forget	ði	water
pʰi	calf (of leg)	kʰu	chin	wat	angry (hear is bursting)	lwe	forget	ði	water
ʃe	emerge	ʃe	emerge	pʰi	calf (of leg)	kʰu	chin	wat	angry (hear is bursting)
vu	father-in-law	vu	father-in-law	pʰi	calf (of leg)	kʰu	chin	wat	angry (hear is bursting)
vɐn	flower	vɐn	flower	vɐn	flower	pʰi	calf (of leg)	kʰu	chin
pʰi	calf (of leg)	kʰu	chin	wat	angry (hear is bursting)	lwe	forget	ði	water
tɕe	burn	pʰi	calf (of leg)	kʰu	chin	wat	angry (hear is bursting)	lwe	forget
mɐk	eye	pʰi	calf (of leg)	kʰu	chin	wat	angry (hear is bursting)	lwe	forget
car	white	pʰi	calf (of leg)	kʰu	chin	wat	angry (hear is bursting)	lwe	forget
pʰo	branch	pʰi	calf (of leg)	kʰu	chin	wat	angry (hear is bursting)	lwe	forget
pʰi	calf (of leg)	kʰu	chin	wat	angry (hear is bursting)	lwe	forget	ði	water
sor	old	pʰi	calf (of leg)	kʰu	chin	wat	angry (hear is bursting)	lwe	forget
rɐt	heavy	kʰə	heavy	kʰə	heavy	pʰi	calf (of leg)	kʰu	chin
pʰi	calf (of leg)	kʰu	chin	wat	angry (hear is bursting)	lwe	forget	ði	water
nɐ	breast	nɐ	breast	nɐ	breast	pʰi	calf (of leg)	kʰu	chin
pʰi	calf (of leg)	kʰu	chin	wat	angry (hear is bursting)	lwe	forget	ði	water
pʰi	calf (of leg)	kʰu	chin	wat	angry (hear is bursting)	lwe	forget	ði	water
hwi	dog	hwi	dog	pʰi	calf (of leg)	kʰu	chin	wat	angry (hear is bursting)
rɐ	intestines	pʰi	calf (of leg)	kʰu	chin	wat	angry (hear is bursting)	lwe	forget
ruk	six	ruk	six	ruk	six	pʰi	calf (of leg)	kʰu	chin
we	mother	we	mother	pʰi	calf (of leg)	kʰu	chin	wat	angry (hear is bursting)
u	bird	pʰi	calf (of leg)	kʰu	chin	wat	angry (hear is bursting)	lwe	forget
ʃa	clan	pʰi	calf (of leg)	kʰu	chin	wat	angry (hear is bursting)	lwe	forget
pʰi	calf (of leg)	kʰu	chin	wat	angry (hear is bursting)	lwe	forget	ði	water
ðar	uncle (fathers older brother)	pʰi	calf (of leg)	kʰu	chin	wat	angry (hear is bursting)	lwe	forget
kwe	horse	kwe	horse	kwe	horse	kwe	horse	kwe	horse
pi	leech	pʰi	calf (of leg)	kʰu	chin	wat	angry (hear is bursting)	lwe	forget
rop	rib	pʰi	calf (of leg)	kʰu	chin	wat	angry (hear is bursting)	lwe	forget
kʰə	laugh	kʰə	laugh	ni	laugh	pʰi	calf (of leg)	kʰu	chin
kwe	break	pʰi	calf (of leg)	kʰu	chin	wat	angry (hear is bursting)	lwe	forget
tʰar	clean	pʰi	calf (of leg)	kʰu	chin	wat	angry (hear is bursting)	lwe	forget
vu	uncle (mothers brother)	hi	uncle (mothers brother)	pʰi	calf (of leg)	kʰu	chin	wat	angry (hear is bursting)
pʰi	calf (of leg)	kʰu	chin	wat	angry (hear is bursting)	lwe	forget	ði	water
pʰi	calf (of leg)	kʰu	chin	wat	angry (hear is bursting)	lwe	forget	ði	water
ðar	uncle (fathers older brother)	pʰi	calf (of leg)	kʰu	chin	wat	angry (hear is bursting)	lwe	forget
sɐ	comb	sɐ	comb	sɐ	comb	pʰi	calf (of leg)	kʰu	chin
pʰi	calf (of leg)	kʰu	chin	wat	angry (hear is bursting)	lwe	forget	ði	water
ʔi	I	pʰi	calf (of leg)	kʰu	chin	wat	angry (hear is bursting)	lwe	forget
ða	fall (from a height)	pʰi	calf (of leg)	kʰu	chin	wat	angry (hear is bursting)	lwe	forget
pʰi	calf (of leg)	kʰu	chin	wat	angry (hear is bursting)	lwe	forget	ði	water
nam	smell	pʰi	calf (of leg)	kʰu	chin	wat	angry (hear is bursting)	lwe	forget
we	eat (fruit)	pʰi	calf (of leg)	kʰu	chin	wat	angry (hear is bursting)	lwe	forget
rɐŋ	alive	pʰi	calf (of leg)	kʰu	chin	wat	angry (hear is bursting)	lwe	forget
ðar	sister (younger than male ego)	ðar	sister (younger than male ego)	pʰi	calf (of leg)	kʰu	chin	wat	angry (hear is bursting)
mɐt	squeeze	pʰi	calf (of leg)	kʰu	chin	wat	angry (hear is bursting)	lwe	forget
pʰi	calf (of leg)	kʰu	chin	wat	angry (hear is bursting)	lwe	forget	ði	water
ðar	sister (younger than male ego)	ðar	sister (younger than male ego)	pʰi	calf (of leg)	kʰu	chin	wat	angry (hear is bursting)
pwe	fly	pwe	fly	pwe	fly	pʰi	calf (of leg)	kʰu	chin
ke	cold	pʰi	calf (of leg)	kʰu	chin	wat	angry (hear is bursting)	lwe	forget
pʰi	calf (of leg)	kʰu	chin	wat	angry (hear is bursting)	lwe	forget	ði	water
pʰi	foot	pʰi	foot	pʰi	foot	pʰi	calf (of leg)	kʰu	chin
pʰi	calf (of leg)	kʰu	chin	wat	angry (hear is bursting)	lwe	forget	ði	water
li	tongue	pʰi	calf (of leg)	kʰu	chin	wat	angry (hear is bursting)	lwe	forget
ðɐ	grandchild	ðɐ	grandchild	ðɐ	grandchild	pʰi	calf (of leg)	kʰu	chin
tsɐ	horn	pʰi	calf (of leg)	kʰu	chin	wat	angry (hear is bursting)	lwe	forget
ʔu	he/she	pʰi	calf (of leg)	kʰu	chin	wat	angry (hear is bursting)	lwe	forget
pʰi	calf (of leg)	kʰu	chin	wat	angry (hear is bursting)	lwe	forget	ði	water
pʰi	calf (of leg)	kʰu	chin	wat	angry (hear is bursting)	lwe	forget	ði	water
a	come	pʰi	calf (of leg)	kʰu	chin	wat	angry (hear is bursting)	lwe	forget
pʰi	calf (of leg)	kʰu	chin	wat	angry (hear is bursting)	lwe	forget	ði	water
pʰi	calf (of leg)	kʰu	chin	wat	angry (hear is bursting)	lwe	forget	ði	water
sɐ	blood	sɐ	blood	sɐ	blood	pʰi	calf (of leg)	kʰu	chin
ðar	uncle (fathers older brother)	pʰi	calf (of leg)	kʰu	chin	wat	angry (hear is bursting)	lwe	forget
pʰi	calf (of leg)	kʰu	chin	wat	angry (hear is bursting)	lwe	forget	ði	water
pʰi	calf (of leg)	kʰu	chin	wat	angry (hear is bursting)	lwe	forget	ði	water
tʰeŋ	dry	tʰeŋ	dry	tʰeŋ	dry	pʰi	calf (of leg)	kʰu	chin
tʰeŋ	dry	tʰeŋ	dry	tʰeŋ	dry	pʰi	calf (of leg)	kʰu	chin
rɐ	medicine	ʔa	medicine	ʔa	medicine	pʰi	calf (of leg)	kʰu	chin
ʃit	eight	pʰi	calf (of leg)	kʰu	chin	wat	angry (hear is bursting)	lwe	forget
ði	egg	ði	egg	pʰi	calf (of leg)	kʰu	chin	wat	angry (hear is bursting)
lɐŋ	root	pʰi	calf (of leg)	kʰu	chin	wat	angry (hear is bursting)	lwe	forget
ðar	uncle (fathers older brother)	pʰi	calf (of leg)	kʰu	chin	wat	angry (hear is bursting)	lwe	forget
vu	great grandfather	vu	great grandfather	vu	great grandfather	vu	great grandfather	pʰi	calf (of leg)
kʰum	back	kʰum	back	kʰum	back	pʰi	calf (of leg)	kʰu	chin
se	thorn	se	thorn	se	thorn	pʰi	calf (of leg)	kʰu	chin
ðɐk	black	ðɐk	black	ðɐk	black	pʰi	calf (of leg)	kʰu	chin
kʰɐ	insect/bug/vermin	pʰi	calf (of leg)	kʰu	chin	wat	angry (hear is bursting)	lwe	forget
ðar	sister (younger than male ego)	ðar	sister (younger than male ego)	pʰi	calf (of leg)	kʰu	chin	wat	angry (hear is bursting)
pʰi	calf (of leg)	kʰu	chin	wat	angry (hear is bursting)	lwe	forget	ði	water
nɐ	two	nɐ	two	nɐ	two	pʰi	calf (of leg)	kʰu	chin
luŋ	stone	luŋ	stone	luŋ	stone	pʰi	calf (of leg)	kʰu	chin
pim	needle	pʰi	calf (of leg)	kʰu	chin	wat	angry (hear is bursting)	lwe	forget
vu	grandfather	vu	grandfather	vu	grandfather	pʰi	calf (of leg)	kʰu	chin
rɐt	heavy	kʰə	heavy	kʰə	heavy	pʰi	calf (of leg)	kʰu	chin
pʰi	calf (of leg)	kʰu	chin	wat	angry (hear is bursting)	lwe	forget	ði	water
ði	water	ði	water	ði	water	ði	water	ði	water
kwe	horse	kwe	horse	kwe	horse	kwe	horse	kwe	horse
pʰi	calf (of leg)	kʰu	chin	wat	angry (hear is bursting)	lwe	forget	ði	water
tʰɐt	kill	pʰi	calf (of leg)	kʰu	chin	wat	angry (hear is bursting)	lwe	forget
so	long	pʰi	calf (of leg)	kʰu	chin	wat	angry (hear is bursting)	lwe	forget
pʰi	calf (of leg)	kʰu	chin	wat	angry (hear is bursting)	lwe	forget	ði	water
tʰo	drive	pʰi	calf (of leg)	kʰu	chin	wat	angry (hear is bursting)	lwe	forget
u	bird	pʰi	calf (of leg)	kʰu	chin	wat	angry (hear is bursting)	lwe	forget
tsɐ	four	tsɐ	four	tsɐ	four	pʰi	calf (of leg)	kʰu	chin
ʃi	decay	pʰi	calf (of leg)	kʰu	chin	wat	angry (hear is bursting)	lwe	forget
tʰum	hide	pʰi	calf (of leg)	kʰu	chin	wat	angry (hear is bursting)	lwe	forget
fu	elephant	fu	elephant	fu	elephant	fu	elephant	pʰi	calf (of leg)
pʰi	calf (of leg)	kʰu	chin	wat	angry (hear is bursting)	lwe	forget	ði	water
co	deer	pʰi	calf (of leg)	kʰu	chin	wat	angry (hear is bursting)	lwe	forget
nɐ	leaf	pʰi	calf (of leg)	kʰu	chin	wat	angry (hear is bursting)	lwe	forget
ðak	weave	ðak	weave	ðak	weave	ðak	weave	ðak	weave
vu	great grandfather	vu	great grandfather	vu	great grandfather	vu	great grandfather	pʰi	calf (of leg)
ji	leftside	ji	leftside	pʰi	calf (of leg)	kʰu	chin	wat	angry (hear is bursting)
pʰi	calf (of leg)	kʰu	chin	wat	angry (hear is bursting)	lwe	forget	ði	water
tsɐ	horn	pʰi	calf (of leg)	kʰu	chin	wat	angry (hear is bursting)	lwe	forget
vu	uncle (mothers brother)	hi	uncle (mothers brother)	pʰi	calf (of leg)	kʰu	chin	wat	angry (hear is bursting)
him	bear	him	bear	pʰi	calf (of leg)	kʰu	chin	wat	angry (hear is bursting)
pʰi	calf (of leg)	kʰu	chin	wat	angry (hear is bursting)	lwe	forget	ði	water
ðar	uncle (fathers older brother)	pʰi	calf (of leg)	kʰu	chin	wat	angry (hear is bursting)	lwe	forget
sam	hair (head)	pʰi	calf (of leg)	kʰu	chin	wat	angry (hear is bursting)	lwe	forget
tʰeŋ	dry	tʰeŋ	dry	tʰeŋ	dry	pʰi	calf (of leg)	kʰu	chin
kʰur	anus	pʰi	calf (of leg)	kʰu	chin	wat	angry (hear is bursting)	lwe	forget
pʰi	calf (of leg)	kʰu	chin	wat	angry (hear is bursting)	lwe	forget	ði	water
pʰi	calf (of leg)	kʰu	chin	wat	angry (hear is bursting)	lwe	forget	ði	water
wuk	belly	wuk	belly	pʰi	calf (of leg)	kʰu	chin	wat	angry (hear is bursting)
kʰu	crab	kʰu	crab	ri	crab	pʰi	calf (of leg)	kʰu	chin
pʰi	calf (of leg)	kʰu	chin	wat	angry (hear is bursting)	lwe	forget	ði	water
ðar	uncle (fathers older brother)	pʰi	calf (of leg)	kʰu	chin	wat	angry (hear is bursting)	lwe	forget
su	body	pʰi	calf (of leg)	kʰu	chin	wat	angry (hear is bursting)	lwe	forget
pʰi	calf (of leg)	kʰu	chin	wat	angry (hear is bursting)	lwe	forget	ði	water
pʰi	calf (of leg)	kʰu	chin	wat	angry (hear is bursting)	lwe	forget	ði	water
pʰi	calf (of leg)	kʰu	chin	wat	angry (hear is bursting)	lwe	forget	ði	water
ʃuŋ	arrive	ʃuŋ	arrive	ʃuŋ	arrive	pʰi	calf (of leg)	kʰu	chin
mor	mouth	pʰi	calf (of leg)	kʰu	chin	wat	angry (hear is bursting)	lwe	forget
pʰi	calf (of leg)	kʰu	chin	wat	angry (hear is bursting)	lwe	forget	ði	water
nɐŋ	stand	pʰi	calf (of leg)	kʰu	chin	wat	angry (hear is bursting)	lwe	forget
pʰi	calf (of leg)	kʰu	chin	wat	angry (hear is bursting)	lwe	forget	ði	water
pʰi	calf (of leg)	kʰu	chin	wat	angry (hear is bursting)	lwe	forget	ði	water
vu	father-in-law	vu	father-in-law	pʰi	calf (of leg)	kʰu	chin	wat	angry (hear is bursting)
pʰi	foot	pʰi	foot	pʰi	foot	pʰi	calf (of leg)	kʰu	chin
pʰi	calf (of leg)	kʰu	chin	wat	angry (hear is bursting)	lwe	forget	ði	water
ham	pot	pʰi	calf (of leg)	kʰu	chin	wat	angry (hear is bursting)	lwe	forget
ðar	uncle (fathers older brother)	pʰi	calf (of leg)	kʰu	chin	wat	angry (hear is bursting)	lwe	forget
pʰi	calf (of leg)	kʰu	chin	wat	angry (hear is bursting)	lwe	forget	ði	water
ðak	weave	ðak	weave	ðak	weave	ðak	weave	ðak	weave
lɐk	armpit	pʰi	calf (of leg)	kʰu	chin	wat	angry (hear is bursting)	lwe	forget
pʰi	calf (of leg)	kʰu	chin	wat	angry (hear is bursting)	lwe	forget	ði	water
pʰi	calf (of leg)	kʰu	chin	wat	angry (hear is bursting)	lwe	forget	ði	water
vu	grandfather	vu	grandfather	vu	grandfather	pʰi	calf (of leg)	kʰu	chin
ki	bite	pʰi	calf (of leg)	kʰu	chin	wat	angry (hear is bursting)	lwe	forget
pon	arm	pʰi	calf (of leg)	kʰu	chin	wat	angry (hear is bursting)	lwe	forget
pʰi	calf (of leg)	kʰu	chin	wat	angry (hear is bursting)	lwe	forget	ði	water
ce	dig	pʰi	calf (of leg)	kʰu	chin	wat	angry (hear is bursting)	lwe	forget
pʰi	calf (of leg)	kʰu	chin	wat	angry (hear is bursting)	lwe	forget	ði	water
pʰi	calf (of leg)	kʰu	chin	wat	angry (hear is bursting)	lwe	forget	ði	water
kʰwe	fish	pʰi	calf (of leg)	kʰu	chin	wat	angry (hear is bursting)	lwe	forget
sam	run/flee	pʰi	calf (of leg)	kʰu	chin	wat	angry (hear is bursting)	lwe	forget
pʰi	calf (of leg)	kʰu	chin	wat	angry (hear is bursting)	lwe	forget	ði	water
tɕap	weep	pʰi	calf (of leg)	kʰu	chin	wat	angry (hear is bursting)	lwe	forget
pʰi	calf (of leg)	kʰu	chin	wat	angry (hear is bursting)	lwe	forget	ði	water
pʰi	calf (of leg)	kʰu	chin	wat	angry (hear is bursting)	lwe	forget	ði	water
pʰi	calf (of leg)	kʰu	chin	wat	angry (hear is bursting)	lwe	forget	ði	water
tsɐ	four	tsɐ	four	tsɐ	four	pʰi	calf (of leg)	kʰu	chin
pʰi	calf (of leg)	kʰu	chin	wat	angry (hear is bursting)	lwe	forget	ði	water
aw	father	aw	father	pʰi	calf (of leg)	kʰu	chin	wat	angry (hear is bursting)
kʰwe	fish	pʰi	calf (of leg)	kʰu	chin	wat	angry (hear is bursting)	lwe	forget
pʰi	calf (of leg)	kʰu	chin	wat	angry (hear is bursting)	lwe	forget	ði	water
pʰi	calf (of leg)	kʰu	chin	wat	angry (hear is bursting)	lwe	forget	ði	water
pʰi	calf (of leg)	kʰu	chin	wat	angry (hear is bursting)	lwe	forget	ði	water
vu	uncle (mothers brother)	hi	uncle (mothers brother)	pʰi	calf (of leg)	kʰu	chin	wat	angry (hear is bursting)
tek	green	pʰi	calf (of leg)	kʰu	chin	wat	angry (hear is bursting)	lwe	forget
ʃe	emerge	ʃe	emerge	pʰi	calf (of leg)	kʰu	chin	wat	angry (hear is bursting)
pʰi	calf (of leg)	kʰu	chin	wat	angry (hear is bursting)	lwe	forget	ði	water
ðar	uncle (fathers older brother)	pʰi	calf (of leg)	kʰu	chin	wat	angry (hear is bursting)	lwe	forget
wor	sell	pʰi	calf (of leg)	kʰu	chin	wat	angry (hear is bursting)	lwe	forget
pʰi	calf (of leg)	kʰu	chin	wat	angry (hear is bursting)	lwe	forget	ði	water
wuk	belly	wuk	belly	pʰi	calf (of leg)	kʰu	chin	wat	angry (hear is bursting)
kʰwe	fish	pʰi	calf (of leg)	kʰu	chin	wat	angry (hear is bursting)	lwe	forget
ki	kidney	ki	kidney	ki	kidney	pʰi	calf (of leg)	kʰu	chin
vu	uncle (mothers brother)	hi	uncle (mothers brother)	pʰi	calf (of leg)	kʰu	chin	wat	angry (hear is bursting)
vu	great grandfather	vu	great grandfather	vu	great grandfather	vu	great grandfather	pʰi	calf (of leg)
ŋɐ	five	ŋɐ	five	ŋɐ	five	pʰi	calf (of leg)	kʰu	chin
pʰi	calf (of leg)	kʰu	chin	wat	angry (hear is bursting)	lwe	forget	ði	water
aw	father	aw	father	pʰi	calf (of leg)	kʰu	chin	wat	angry (hear is bursting)
pʰi	calf (of leg)	kʰu	chin	wat	angry (hear is bursting)	lwe	forget	ði	water
ðar	uncle (fathers older brother)	pʰi	calf (of leg)	kʰu	chin	wat	angry (hear is bursting)	lwe	forget
kʰi	bee	kʰi	bee	kʰi	bee	kʰi	bee	kʰi	bee
mɐ	person	pʰi	calf (of leg)	kʰu	chin	wat	angry (hear is bursting)	lwe	forget
tsɐ	fear/frighten	tsɐ	fear/frighten	tsɐ	fear/frighten	pʰi	calf (of leg)	kʰu	chin
naŋ	spin	pʰi	calf (of leg)	kʰu	chin	wat	angry (hear is bursting)	lwe	forget
cu	necklace	pʰi	calf (of leg)	kʰu	chin	wat	angry (hear is bursting)	lwe	forget
pʰi	calf (of leg)	kʰu	chin	wat	angry (hear is bursting)	lwe	forget	ði	water
tɕap	weep	pʰi	calf (of leg)	kʰu	chin	wat	angry (hear is bursting)	lwe	forget
tʰeŋ	dry	tʰeŋ	dry	tʰeŋ	dry	pʰi	calf (of leg)	kʰu	chin
ruk	six	ruk	six	ruk	six	pʰi	calf (of leg)	kʰu	chin
hɐ	call	pʰi	calf (of leg)	kʰu	chin	wat	angry (hear is bursting)	lwe	forget
rɐ	iron	pʰi	calf (of leg)	kʰu	chin	wat	angry (hear is bursting)	lwe	forget
ʃu	hundred	pʰi	calf (of leg)	kʰu	chin	wat	angry (hear is bursting)	lwe	forget
pʰi	calf (of leg)	kʰu	chin	wat	angry (hear is bursting)	lwe	forget	ði	water
pʰi	calf (of leg)	kʰu	chin	wat	angry (hear is bursting)	lwe	forget	ði	water
nɐ	seven	nɐ	seven	nɐ	seven	pʰi	calf (of leg)	kʰu	chin
pʰi	calf (of leg)	kʰu	chin	wat	angry (hear is bursting)	lwe	forget	ði	water
tʰak	kick	tʰak	kick	tʰak	kick	pʰi	calf (of leg)	kʰu	chin
pʰi	calf (of leg)	kʰu	chin	wat	angry (hear is bursting)	lwe	forget	ði	water
ʃuk	borrow	pʰi	calf (of leg)	kʰu	chin	wat	angry (hear is bursting)	lwe	forget
hwi	dog	hwi	dog	pʰi	calf (of leg)	kʰu	chin	wat	angry (hear is bursting)
rɐŋ	alive	pʰi	calf (of leg)	kʰu	chin	wat	angry (hear is bursting)	lwe	forget
ru	ten	pʰi	calf (of leg)	kʰu	chin	wat	angry (hear is bursting)	lwe	forget
ʃe	brain	ʃe	brain	pʰi	calf (of leg)	kʰu	chin	wat	angry (hear is bursting)
vu	father-in-law	vu	father-in-law	pʰi	calf (of leg)	kʰu	chin	wat	angry (hear is bursting)
pʰi	calf (of leg)	kʰu	chin	wat	angry (hear is bursting)	lwe	forget	ði	water
ce	tall	pʰi	calf (of leg)	kʰu	chin	wat	angry (hear is bursting)	lwe	forget
nɐŋ	think	pʰi	calf (of leg)	kʰu	chin	wat	angry (hear is bursting)	lwe	forget
pʰi	calf (of leg)	kʰu	chin	wat	angry (hear is bursting)	lwe	forget	ði	water
luŋ	stone	luŋ	stone	luŋ	stone	pʰi	calf (of leg)	kʰu	chin
si	tie	pʰi	calf (of leg)	kʰu	chin	wat	angry (hear is bursting)	lwe	forget
vu	great grandfather	vu	great grandfather	vu	great grandfather	vu	great grandfather	pʰi	calf (of leg)
pʰi	calf (of leg)	kʰu	chin	wat	angry (hear is bursting)	lwe	forget	ði	water
pʰu	seek/search	pʰu	seek/search	pʰi	calf (of leg)	kʰu	chin	wat	angry (hear is bursting)
pʰi	calf (of leg)	kʰu	chin	wat	angry (hear is bursting)	lwe	forget	ði	water
	snake		snake		snake	pʰwi	snake	pʰwi	snake
pʰi	calf (of leg)	kʰu	chin	wat	angry (hear is bursting)	lwe	forget	ði	water
kɐ	nine	kɐ	nine	kɐ	nine	pʰi	calf (of leg)	kʰu	chin
pʰi	calf (of leg)	kʰu	chin	wat	angry (hear is bursting)	lwe	forget	ði	water
tʰɐn	liver	pʰi	calf (of leg)	kʰu	chin	wat	angry (hear is bursting)	lwe	forget
nɐ	ear	pʰi	calf (of leg)	kʰu	chin	wat	angry (hear is bursting)	lwe	forget
pʰi	calf (of leg)	kʰu	chin	wat	angry (hear is bursting)	lwe	forget	ði	water
kʰak	breath	pʰi	calf (of leg)	kʰu	chin	wat	angry (hear is bursting)	lwe	forget
pʰi	calf (of leg)	kʰu	chin	wat	angry (hear is bursting)	lwe	forget	ði	water
pʰi	calf (of leg)	kʰu	chin	wat	angry (hear is bursting)	lwe	forget	ði	water
pʰi	calf (of leg)	kʰu	chin	wat	angry (hear is bursting)	lwe	forget	ði	water
kop	shoot	pʰi	calf (of leg)	kʰu	chin	wat	angry (hear is bursting)	lwe	forget
tʰum	three	tʰum	three	tʰum	three	pʰi	calf (of leg)	kʰu	chin
pon	hand	pon	hand	pon	hand	pʰi	calf (of leg)	kʰu	chin
ða	enter	pʰi	calf (of leg)	kʰu	chin	wat	angry (hear is bursting)	lwe	forget
wuk	belly	wuk	belly	pʰi	calf (of leg)	kʰu	chin	wat	angry (hear is bursting)
rɐk	rat	pʰi	calf (of leg)	kʰu	chin	wat	angry (hear is bursting)	lwe	forget
pʰi	calf (of leg)	kʰu	chin	wat	angry (hear is bursting)	lwe	forget	ði	water
ʃur	follow	pʰi	calf (of leg)	kʰu	chin	wat	angry (hear is bursting)	lwe	forget
pʰi	calf (of leg)	kʰu	chin	wat	angry (hear is bursting)	lwe	forget	ði	water
tʰo	fat	pʰi	calf (of leg)	kʰu	chin	wat	angry (hear is bursting)	lwe	forget
tʰuk	deep	tʰuk	deep	tʰuk	deep	pʰi	calf (of leg)	kʰu	chin
pʰi	calf (of leg)	kʰu	chin	wat	angry (hear is bursting)	lwe	forget	ði	water
pʰi	calf (of leg)	kʰu	chin	wat	angry (hear is bursting)	lwe	forget	ði	water
ta	pine	ta	pine	ta	pine	pʰi	calf (of leg)	kʰu	chin
ʃuŋ	correct	pʰi	calf (of leg)	kʰu	chin	wat	angry (hear is bursting)	lwe	forget
pi	leech	pʰi	calf (of leg)	kʰu	chin	wat	angry (hear is bursting)	lwe	forget
ʃu	thick	pʰi	calf (of leg)	kʰu	chin	wat	angry (hear is bursting)	lwe	forget
pʰi	calf (of leg)	kʰu	chin	wat	angry (hear is bursting)	lwe	forget	ði	water
ki	bite	pʰi	calf (of leg)	kʰu	chin	wat	angry (hear is bursting)	lwe	forget
kʰu	cough	pʰi	calf (of leg)	kʰu	chin	wat	angry (hear is bursting)	lwe	forget
pʰi	calf (of leg)	kʰu	chin	wat	angry (hear is bursting)	lwe	forget	ði	water
kʰɐ	insect	kʰɐ	insect	pʰi	calf (of leg)	kʰu	chin	wat	angry (hear is bursting)
nap	stick (v.)	pʰi	calf (of leg)	kʰu	chin	wat	angry (hear is bursting)	lwe	forget
pʰi	calf (of leg)	kʰu	chin	wat	angry (hear is bursting)	lwe	forget	ði	water
ki	bite	pʰi	calf (of leg)	kʰu	chin	wat	angry (hear is bursting)	lwe	forget
luŋ	heart	luŋ	heart	luŋ	heart	pʰi	calf (of leg)	kʰu	chin
kʰut	smoke	kʰut	smoke	kʰut	smoke	pʰi	calf (of leg)	kʰu	chin
ðɐ	grandchild	ðɐ	grandchild	ðɐ	grandchild	pʰi	calf (of leg)	kʰu	chin
ce	lip	pʰi	calf (of leg)	kʰu	chin	wat	angry (hear is bursting)	lwe	forget
pʰi	calf (of leg)	kʰu	chin	wat	angry (hear is bursting)	lwe	forget	ði	water
pʰi	calf (of leg)	kʰu	chin	wat	angry (hear is bursting)	lwe	forget	ði	water
pʰi	calf (of leg)	kʰu	chin	wat	angry (hear is bursting)	lwe	forget	ði	water
kʰu	crab	kʰu	crab	ri	crab	pʰi	calf (of leg)	kʰu	chin
vu	great grandfather	vu	great grandfather	vu	great grandfather	vu	great grandfather	pʰi	calf (of leg)
vu	great grandfather	vu	great grandfather	vu	great grandfather	vu	great grandfather	pʰi	calf (of leg)
pʰi	calf (of leg)	kʰu	chin	wat	angry (hear is bursting)	lwe	forget	ði	water
mɐŋ	name	pʰi	calf (of leg)	kʰu	chin	wat	angry (hear is bursting)	lwe	forget
pʰi	calf (of leg)	kʰu	chin	wat	angry (hear is bursting)	lwe	forget	ði	water
pʰi	calf (of leg)	kʰu	chin	wat	angry (hear is bursting)	lwe	forget	ði	water
kɐ	nine	kɐ	nine	kɐ	nine	pʰi	calf (of leg)	kʰu	chin
li	earth	pʰi	calf (of leg)	kʰu	chin	wat	angry (hear is bursting)	lwe	forget
vɐn	flower	vɐn	flower	vɐn	flower	pʰi	calf (of leg)	kʰu	chin
tsɐ	horn	pʰi	calf (of leg)	kʰu	chin	wat	angry (hear is bursting)	lwe	forget
hɐ	carry on shoulders	pʰi	calf (of leg)	kʰu	chin	wat	angry (hear is bursting)	lwe	forget
pʰi	calf (of leg)	kʰu	chin	wat	angry (hear is bursting)	lwe	forget	ði	water
muk	cattle	muk	cattle	pʰi	calf (of leg)	kʰu	chin	wat	angry (hear is bursting)
nɐ	breast	nɐ	breast	nɐ	breast	pʰi	calf (of leg)	kʰu	chin
kʰu	bitter	kʰu	bitter	kʰu	bitter	kʰu	bitter	kʰu	bitter
kum	year	pʰi	calf (of leg)	kʰu	chin	wat	angry (hear is bursting)	lwe	forget
tsɐ	horn	pʰi	calf (of leg)	kʰu	chin	wat	angry (hear is bursting)	lwe	forget
sam	hair (head)	pʰi	calf (of leg)	kʰu	chin	wat	angry (hear is bursting)	lwe	forget
rɐ	intestines	pʰi	calf (of leg)	kʰu	chin	wat	angry (hear is bursting)	lwe	forget
lɐ	steal	pʰi	calf (of leg)	kʰu	chin	wat	angry (hear is bursting)	lwe	forget
kup	finish	pʰi	calf (of leg)	kʰu	chin	wat	angry (hear is bursting)	lwe	forget
ði	water	ði	water	ði	water	ði	water	ði	water
pʰuŋ	mountain	pʰi	calf (of leg)	kʰu	chin	wat	angry (hear is bursting)	lwe	forget
nɐ	mother-in-law	nɐ	mother-in-law	nɐ	mother-in-law	pʰi	calf (of leg)	kʰu	chin
ʃim	house	pʰi	calf (of leg)	kʰu	chin	wat	angry (hear is bursting)	lwe	forget
pʰi	calf (of leg)	kʰu	chin	wat	angry (hear is bursting)	lwe	forget	ði	water
pʰi	calf (of leg)	kʰu	chin	wat	angry (hear is bursting)	lwe	forget	ði	water
pʰi	calf (of leg)	kʰu	chin	wat	angry (hear is bursting)	lwe	forget	ði	water
hon	expect	pʰi	calf (of leg)	kʰu	chin	wat	angry (hear is bursting)	lwe	forget
nɐ	nose	pʰi	calf (of leg)	kʰu	chin	wat	angry (hear is bursting)	lwe	forget
fak	pig	fak	pig	ʔa	pig	fak	pig	fak	pig
kʰɐ	insect/bug/vermin	pʰi	calf (of leg)	kʰu	chin	wat	angry (hear is bursting)	lwe	forget
kʰwe	knife	pʰi	calf (of leg)	kʰu	chin	wat	angry (hear is bursting)	lwe	forget
pʰi	calf (of leg)	kʰu	chin	wat	angry (hear is bursting)	lwe	forget	ði	water
kʰu	chin	kʰu	chin	kʰu	chin	kʰu	chin	kʰu	chin
pʰi	calf (of leg)	kʰu	chin	wat	angry (hear is bursting)	lwe	forget	ði	water
pʰi	calf (of leg)	kʰu	chin	wat	angry (hear is bursting)	lwe	forget	ði	water
vu	grandfather	vu	grandfather	vu	grandfather	pʰi	calf (of leg)	kʰu	chin
pʰi	calf (of leg)	kʰu	chin	wat	angry (hear is bursting)	lwe	forget	ði	water
vu	grandfather	vu	grandfather	vu	grandfather	pʰi	calf (of leg)	kʰu	chin
pʰi	foot	pʰi	foot	pʰi	foot	pʰi	calf (of leg)	kʰu	chin
hɐn	curry	pʰi	calf (of leg)	kʰu	chin	wat	angry (hear is bursting)	lwe	forget
mɐn	ripe/well-cooked	pʰi	calf (of leg)	kʰu	chin	wat	angry (hear is bursting)	lwe	forget
pʰi	calf (of leg)	kʰu	chin	wat	angry (hear is bursting)	lwe	forget	ði	water
kɐ	bark	kɐ	bark	pʰi	calf (of leg)	kʰu	chin	wat	angry (hear is bursting)
ki	bite	pʰi	calf (of leg)	kʰu	chin	wat	angry (hear is bursting)	lwe	forget
lɐ	buy	pʰi	calf (of leg)	kʰu	chin	wat	angry (hear is bursting)	lwe	forget
tɕe	burn	pʰi	calf (of leg)	kʰu	chin	wat	angry (hear is bursting)	lwe	forget
kʰam	door	pʰi	calf (of leg)	kʰu	chin	wat	angry (hear is bursting)	lwe	forget
ji	leftside	ji	leftside	pʰi	calf (of leg)	kʰu	chin	wat	angry (hear is bursting)
ða	fall (from a height)	pʰi	calf (of leg)	kʰu	chin	wat	angry (hear is bursting)	lwe	forget
tsɐ	horn	pʰi	calf (of leg)	kʰu	chin	wat	angry (hear is bursting)	lwe	forget
fu	tooth	pʰi	calf (of leg)	kʰu	chin	wat	angry (hear is bursting)	lwe	forget
pʰi	calf (of leg)	kʰu	chin	wat	angry (hear is bursting)	lwe	forget	ði	water
pʰi	calf (of leg)	kʰu	chin	wat	angry (hear is bursting)	lwe	forget	ði	water
pʰi	calf (of leg)	kʰu	chin	wat	angry (hear is bursting)	lwe	forget	ði	water
pʰi	calf (of leg)	kʰu	chin	wat	angry (hear is bursting)	lwe	forget	ði	water
pʰi	calf (of leg)	kʰu	chin	wat	angry (hear is bursting)	lwe	forget	ði	water
pʰi	calf (of leg)	kʰu	chin	wat	angry (hear is bursting)	lwe	forget	ði	water
rɐ	medicine	ʔa	medicine	ʔa	medicine	pʰi	calf (of leg)	kʰu	chin
kʰur	anus	pʰi	calf (of leg)	kʰu	chin	wat	angry (hear is bursting)	lwe	forget
pʰi	calf (of leg)	kʰu	chin	wat	angry (hear is bursting)	lwe	forget	ði	water
kʰɐ	scratch/scrape	kʰɐ	scratch/scrape	kʰɐ	scratch/scrape	pʰi	calf (of leg)	kʰu	chin
ði	spear	pʰi	calf (of leg)	kʰu	chin	wat	angry (hear is bursting)	lwe	forget
sɐ	die	pʰi	calf (of leg)	kʰu	chin	wat	angry (hear is bursting)	lwe	forget
ði	egg	ði	egg	pʰi	calf (of leg)	kʰu	chin	wat	angry (hear is bursting)
pʰi	calf (of leg)	kʰu	chin	wat	angry (hear is bursting)	lwe	forget	ði	water
pʰi	calf (of leg)	kʰu	chin	wat	angry (hear is bursting)	lwe	forget	ði	water
lum	warm	pʰi	calf (of leg)	kʰu	chin	wat	angry (hear is bursting)	lwe	forget
pʰor	lung	pʰi	calf (of leg)	kʰu	chin	wat	angry (hear is bursting)	lwe	forget
lɐt	self	pʰi	calf (of leg)	kʰu	chin	wat	angry (hear is bursting)	lwe	forget
tsɐ	moon	pʰi	calf (of leg)	kʰu	chin	wat	angry (hear is bursting)	lwe	forget
vu	father-in-law	vu	father-in-law	pʰi	calf (of leg)	kʰu	chin	wat	angry (hear is bursting)
kwe	pestle	pʰi	calf (of leg)	kʰu	chin	wat	angry (hear is bursting)	lwe	forget
pʰi	calf (of leg)	kʰu	chin	wat	angry (hear is bursting)	lwe	forget	ði	water
som	rice (hulled)	pʰi	calf (of leg)	kʰu	chin	wat	angry (hear is bursting)	lwe	forget
	snake		snake		snake	pʰwi	snake	pʰwi	snake
pam	sit	pʰi	calf (of leg)	kʰu	chin	wat	angry (hear is bursting)	lwe	forget
pʰi	calf (of leg)	kʰu	chin	wat	angry (hear is bursting)	lwe	forget	ði	water
pʰi	calf (of leg)	kʰu	chin	wat	angry (hear is bursting)	lwe	forget	ði	water
kʰə	laugh	kʰə	laugh	ni	laugh	pʰi	calf (of leg)	kʰu	chin
hor	mushroom	pʰi	calf (of leg)	kʰu	chin	wat	angry (hear is bursting)	lwe	forget
ðu	eat (rice)	pʰi	calf (of leg)	kʰu	chin	wat	angry (hear is bursting)	lwe	forget
ðu	eat (rice)	pʰi	calf (of leg)	kʰu	chin	wat	angry (hear is bursting)	lwe	forget
rɐ	son-in-law	pʰi	calf (of leg)	kʰu	chin	wat	angry (hear is bursting)	lwe	forget
pi	leech	pʰi	calf (of leg)	kʰu	chin	wat	angry (hear is bursting)	lwe	forget
wuk	belly	wuk	belly	pʰi	calf (of leg)	kʰu	chin	wat	angry (hear is bursting)
jak	ashamed	pʰi	calf (of leg)	kʰu	chin	wat	angry (hear is bursting)	lwe	forget
pʰi	calf (of leg)	kʰu	chin	wat	angry (hear is bursting)	lwe	forget	ði	water
pʰi	calf (of leg)	kʰu	chin	wat	angry (hear is bursting)	lwe	forget	ði	water
tsɐ	horn	pʰi	calf (of leg)	kʰu	chin	wat	angry (hear is bursting)	lwe	forget
lwe	forget	pʰi	calf (of leg)	kʰu	chin	wat	angry (hear is bursting)	ði	water
fu	axe	fu	axe	fu	axe	pʰi	calf (of leg)	kʰu	chin
tsɐ	salt	tsɐ	salt	tsɐ	salt	pʰi	calf (of leg)	kʰu	chin
tʰak	kick	tʰak	kick	tʰak	kick	pʰi	calf (of leg)	kʰu	chin
ŋum	round	pʰi	calf (of leg)	kʰu	chin	wat	angry (hear is bursting)	lwe	forget
ki	bite	pʰi	calf (of leg)	kʰu	chin	wat	angry (hear is bursting)	lwe	forget
tʰak	kick	tʰak	kick	tʰak	kick	pʰi	calf (of leg)	kʰu	chin
pon	hand	pon	hand	pon	hand	pʰi	calf (of leg)	kʰu	chin
ʃim	mortar	ʃim	mortar	ʃim	mortar	pʰi	calf (of leg)	kʰu	chin
vu	uncle (mothers brother)	hi	uncle (mothers brother)	pʰi	calf (of leg)	kʰu	chin	wat	angry (hear is bursting)
him	bear	him	bear	pʰi	calf (of leg)	kʰu	chin	wat	angry (hear is bursting)
pʰi	calf (of leg)	kʰu	chin	wat	angry (hear is bursting)	lwe	forget	ði	water
mɐ	give	pʰi	calf (of leg)	kʰu	chin	wat	angry (hear is bursting)	lwe	forget
pʰi	calf (of leg)	kʰu	chin	wat	angry (hear is bursting)	lwe	forget	ði	water
tʰe	awaken	tʰe	awaken	tʰe	awaken	pʰi	calf (of leg)	kʰu	chin
pʰi	foot	pʰi	foot	pʰi	foot	pʰi	calf (of leg)	kʰu	chin
ʃim	sweet	ʃim	sweet	ʃim	sweet	pʰi	calf (of leg)	kʰu	chin
pʰi	calf (of leg)	kʰu	chin	wat	angry (hear is bursting)	lwe	forget	ði	water
ma	dream	pʰi	calf (of leg)	kʰu	chin	wat	angry (hear is bursting)	lwe	forget
ðej	ant	ðej	ant	pʰi	calf (of leg)	kʰu	chin	wat	angry (hear is bursting)
pʰi	calf (of leg)	kʰu	chin	wat	angry (hear is bursting)	lwe	forget	ði	water
vu	uncle (mothers brother)	hi	uncle (mothers brother)	pʰi	calf (of leg)	kʰu	chin	wat	angry (hear is bursting)
mi	fire	pʰi	calf (of leg)	kʰu	chin	wat	angry (hear is bursting)	lwe	forget
si	tempt	pʰi	calf (of leg)	kʰu	chin	wat	angry (hear is bursting)	lwe	forget
su	body	pʰi	calf (of leg)	kʰu	chin	wat	angry (hear is bursting)	lwe	forget
ʃu	dove	pʰi	calf (of leg)	kʰu	chin	wat	angry (hear is bursting)	lwe	forget
vu	grandfather	vu	grandfather	vu	grandfather	pʰi	calf (of leg)	kʰu	chin
pʰi	calf (of leg)	kʰu	chin	wat	angry (hear is bursting)	lwe	forget	ði	water
pʰi	calf (of leg)	kʰu	chin	wat	angry (hear is bursting)	lwe	forget	ði	water
tʰi	exchange	pʰi	calf (of leg)	kʰu	chin	wat	angry (hear is bursting)	lwe	forget
ðar	uncle (fathers older brother)	pʰi	calf (of leg)	kʰu	chin	wat	angry (hear is bursting)	lwe	forget
kʰu	chin	kʰu	chin	kʰu	chin	kʰu	chin	kʰu	chin
ʃe	brain	ʃe	brain	pʰi	calf (of leg)	kʰu	chin	wat	angry (hear is bursting)
pʰi	calf (of leg)	kʰu	chin	wat	angry (hear is bursting)	lwe	forget	ði	water
pon	arm	pʰi	calf (of leg)	kʰu	chin	wat	angry (hear is bursting)	lwe	forget
pʰi	calf (of leg)	kʰu	chin	wat	angry (hear is bursting)	lwe	forget	ði	water
nɐŋ	thou	pʰi	calf (of leg)	kʰu	chin	wat	angry (hear is bursting)	lwe	forget
nam	deceive	pʰi	calf (of leg)	kʰu	chin	wat	angry (hear is bursting)	lwe	forget
lu	daughter	lu	daughter	lu	daughter	pʰi	calf (of leg)	kʰu	chin
pʰi	calf (of leg)	kʰu	chin	wat	angry (hear is bursting)	lwe	forget	ði	water
kʰur	anus	pʰi	calf (of leg)	kʰu	chin	wat	angry (hear is bursting)	lwe	forget
wa	rightside	pʰi	calf (of leg)	kʰu	chin	wat	angry (hear is bursting)	lwe	forget
pʰi	calf (of leg)	kʰu	chin	wat	angry (hear is bursting)	lwe	forget	ði	water
kʰuk	knee	kʰuk	knee	kʰuk	knee	pʰi	calf (of leg)	kʰu	chin
fɐt	ashes	pʰi	calf (of leg)	kʰu	chin	wat	angry (hear is bursting)	lwe	forget
kɐ	bark	kɐ	bark	pʰi	calf (of leg)	kʰu	chin	wat	angry (hear is bursting)
pʰi	calf (of leg)	kʰu	chin	wat	angry (hear is bursting)	lwe	forget	ði	water
ðu	sharpen	pʰi	calf (of leg)	kʰu	chin	wat	angry (hear is bursting)	lwe	forget
pʰi	calf (of leg)	kʰu	chin	wat	angry (hear is bursting)	lwe	forget	ði	water
aw	father	aw	father	pʰi	calf (of leg)	kʰu	chin	wat	angry (hear is bursting)
kʰɐ	insect	kʰɐ	insect	pʰi	calf (of leg)	kʰu	chin	wat	angry (hear is bursting)
kʰu	crab	kʰu	crab	ri	crab	pʰi	calf (of leg)	kʰu	chin
pʰi	calf (of leg)	kʰu	chin	wat	angry (hear is bursting)	lwe	forget	ði	water
con	help	pʰi	calf (of leg)	kʰu	chin	wat	angry (hear is bursting)	lwe	forget
vu	father-in-law	vu	father-in-law	pʰi	calf (of leg)	kʰu	chin	wat	angry (hear is bursting)
mwe	face	pʰi	calf (of leg)	kʰu	chin	wat	angry (hear is bursting)	lwe	forget
ðot	rice (cooked)	ðot	rice (cooked)	pʰi	calf (of leg)	kʰu	chin	wat	angry (hear is bursting)
pʰi	calf (of leg)	kʰu	chin	wat	angry (hear is bursting)	lwe	forget	ði	water
le	field	pʰi	calf (of leg)	kʰu	chin	wat	angry (hear is bursting)	lwe	forget
