vɐm	body	ʃe	body	rik	medicine	tsejʔ	eight	rɐŋ	alive; be living
sik	blood	sik	blood	sik	blood	rik	medicine	tsejʔ	eight
rɐŋ	snake	rɐŋ	snake	rɐŋ	snake	rɐŋ	snake	rɐŋ	snake
rik	medicine	tsejʔ	eight	rɐŋ	alive; be living	vɐŋ	flower	roʔ	weaver
rik	medicine	tsejʔ	eight	rɐŋ	alive; be living	vɐŋ	flower	roʔ	weaver
tsik	horn	rik	medicine	tsejʔ	eight	rɐŋ	alive; be living	vɐŋ	flower
rik	medicine	tsejʔ	eight	rɐŋ	alive; be living	vɐŋ	flower	roʔ	weaver
rik	medicine	tsejʔ	eight	rɐŋ	alive; be living	vɐŋ	flower	roʔ	weaver
luŋ	heart	luŋ	heart	luŋ	heart	luŋ	heart	rik	medicine
mu	mouth	rik	medicine	tsejʔ	eight	rɐŋ	alive; be living	vɐŋ	flower
rik	medicine	tsejʔ	eight	rɐŋ	alive; be living	vɐŋ	flower	roʔ	weaver
hɐm	bear	hɐm	bear	rik	medicine	tsejʔ	eight	rɐŋ	alive; be living
su	decay	rik	medicine	tsejʔ	eight	rɐŋ	alive; be living	vɐŋ	flower
we	bird	rik	medicine	tsejʔ	eight	rɐŋ	alive; be living	vɐŋ	flower
va	mushroom	rik	medicine	tsejʔ	eight	rɐŋ	alive; be living	vɐŋ	flower
kɐn	twenty	kɐn	twenty	rik	medicine	tsejʔ	eight	rɐŋ	alive; be living
rik	medicine	tsejʔ	eight	rɐŋ	alive; be living	vɐŋ	flower	roʔ	weaver
huʔ	pig	huʔ	pig	huʔ	pig	huʔ	pig	huʔ	pig
sam	hair (head)	rik	medicine	tsejʔ	eight	rɐŋ	alive; be living	vɐŋ	flower
pem	needle	rik	medicine	tsejʔ	eight	rɐŋ	alive; be living	vɐŋ	flower
rik	medicine	tsejʔ	eight	rɐŋ	alive; be living	vɐŋ	flower	roʔ	weaver
wuʔ	belly	wuʔ	belly	rik	medicine	tsejʔ	eight	rɐŋ	alive; be living
wuʔ	belly	wuʔ	belly	rik	medicine	tsejʔ	eight	rɐŋ	alive; be living
rik	medicine	tsejʔ	eight	rɐŋ	alive; be living	vɐŋ	flower	roʔ	weaver
kʰu	insect	kʰu	insect	rik	medicine	tsejʔ	eight	rɐŋ	alive; be living
rik	medicine	tsejʔ	eight	rɐŋ	alive; be living	vɐŋ	flower	roʔ	weaver
roʔ	louse	roʔ	louse	roʔ	louse	rik	medicine	tsejʔ	eight
wuʔ	belly	wuʔ	belly	rik	medicine	tsejʔ	eight	rɐŋ	alive; be living
ruk	egg	ruk	egg	ruk	egg	ruk	egg	ruk	egg
rik	medicine	tsejʔ	eight	rɐŋ	alive; be living	vɐŋ	flower	roʔ	weaver
kaʔ	kick	kaʔ	kick	rik	medicine	tsejʔ	eight	rɐŋ	alive; be living
rik	medicine	tsejʔ	eight	rɐŋ	alive; be living	vɐŋ	flower	roʔ	weaver
moʔ	eye	rik	medicine	tsejʔ	eight	rɐŋ	alive; be living	vɐŋ	flower
rik	medicine	tsejʔ	eight	rɐŋ	alive; be living	vɐŋ	flower	roʔ	weaver
kʰuʔ	smoke	kʰuʔ	smoke	kʰuʔ	smoke	rik	medicine	tsejʔ	eight
kʰu	insect	kʰu	insect	rik	medicine	tsejʔ	eight	rɐŋ	alive; be living
rik	medicine	tsejʔ	eight	rɐŋ	alive; be living	vɐŋ	flower	roʔ	weaver
rik	medicine	tsejʔ	eight	rɐŋ	alive; be living	vɐŋ	flower	roʔ	weaver
tsik	salt	tsik	salt	tsik	salt	rik	medicine	tsejʔ	eight
rik	medicine	tsejʔ	eight	rɐŋ	alive; be living	vɐŋ	flower	roʔ	weaver
rik	medicine	tsejʔ	eight	rɐŋ	alive; be living	vɐŋ	flower	roʔ	weaver
suʔ	emerge	suʔ	emerge	suʔ	emerge	rik	medicine	tsejʔ	eight
vɐŋ	flower	vɐŋ	flower	vɐŋ	flower	rik	medicine	tsejʔ	eight
wuʔ	belly	wuʔ	belly	rik	medicine	tsejʔ	eight	rɐŋ	alive; be living
reʔ	tie	suk	tie	suk	tie	suk	tie	rik	medicine
suʔ	emerge	suʔ	emerge	suʔ	emerge	rik	medicine	tsejʔ	eight
ruʔ	six	ruʔ	six	ruʔ	six	rik	medicine	tsejʔ	eight
nuk	laugh	nuk	laugh	nuk	laugh	nuk	laugh	rik	medicine
rik	medicine	tsejʔ	eight	rɐŋ	alive; be living	vɐŋ	flower	roʔ	weaver
ruʔ	six	ruʔ	six	ruʔ	six	rik	medicine	tsejʔ	eight
kʰu	knife	rik	medicine	tsejʔ	eight	rɐŋ	alive; be living	vɐŋ	flower
nej	pus	rik	medicine	tsejʔ	eight	rɐŋ	alive; be living	vɐŋ	flower
vɐm	body	ʃe	body	rik	medicine	tsejʔ	eight	rɐŋ	alive; be living
rik	medicine	tsejʔ	eight	rɐŋ	alive; be living	vɐŋ	flower	roʔ	weaver
wuʔ	belly (exterior)	rik	medicine	tsejʔ	eight	rɐŋ	alive; be living	vɐŋ	flower
rik	medicine	rik	medicine	tsejʔ	eight	rɐŋ	alive; be living	vɐŋ	flower
nu	wrinkle	rik	medicine	tsejʔ	eight	rɐŋ	alive; be living	vɐŋ	flower
rik	medicine	tsejʔ	eight	rɐŋ	alive; be living	vɐŋ	flower	roʔ	weaver
rik	medicine	tsejʔ	eight	rɐŋ	alive; be living	vɐŋ	flower	roʔ	weaver
rɐŋ	alive	rik	medicine	tsejʔ	eight	rɐŋ	alive; be living	vɐŋ	flower
ku	bark	ku	bark	ku	bark	rik	medicine	tsejʔ	eight
tʰɐm	three	tʰɐm	three	tʰɐm	three	rik	medicine	tsejʔ	eight
rik	medicine	tsejʔ	eight	rɐŋ	alive; be living	vɐŋ	flower	roʔ	weaver
rik	medicine	tsejʔ	eight	rɐŋ	alive; be living	vɐŋ	flower	roʔ	weaver
rik	medicine	tsejʔ	eight	rɐŋ	alive; be living	vɐŋ	flower	roʔ	weaver
rik	medicine	tsejʔ	eight	rɐŋ	alive; be living	vɐŋ	flower	roʔ	weaver
rik	medicine	tsejʔ	eight	rɐŋ	alive; be living	vɐŋ	flower	roʔ	weaver
vuk	father-in-law	rik	medicine	tsejʔ	eight	rɐŋ	alive; be living	vɐŋ	flower
ni	leaf	rik	medicine	tsejʔ	eight	rɐŋ	alive; be living	vɐŋ	flower
tʰo	new	rik	medicine	tsejʔ	eight	rɐŋ	alive; be living	vɐŋ	flower
le	forget	rik	medicine	tsejʔ	eight	rɐŋ	alive; be living	vɐŋ	flower
reʔ	tie	suk	tie	suk	tie	suk	tie	rik	medicine
nik	two	nik	two	nik	two	rik	medicine	tsejʔ	eight
lu	brain	luʔ	brain	luʔ	brain	rik	medicine	tsejʔ	eight
rik	medicine	tsejʔ	eight	rɐŋ	alive; be living	vɐŋ	flower	roʔ	weaver
vue	leftside	vue	leftside	vue	leftside	rik	medicine	tsejʔ	eight
mow	itchy	rik	medicine	tsejʔ	eight	rɐŋ	alive; be living	vɐŋ	flower
rik	medicine	tsejʔ	eight	rɐŋ	alive; be living	vɐŋ	flower	roʔ	weaver
rik	medicine	tsejʔ	eight	rɐŋ	alive; be living	vɐŋ	flower	roʔ	weaver
rik	medicine	tsejʔ	eight	rɐŋ	alive; be living	vɐŋ	flower	roʔ	weaver
tse	eat	tse	eat	tse	eat	rik	medicine	tsejʔ	eight
kə	blow	kə	blow	pʰej	blow	lik	blow	rik	medicine
rik	medicine	tsejʔ	eight	rɐŋ	alive; be living	vɐŋ	flower	roʔ	weaver
rik	medicine	tsejʔ	eight	rɐŋ	alive; be living	vɐŋ	flower	roʔ	weaver
tsejʔ	walk	rik	medicine	tsejʔ	eight	rɐŋ	alive; be living	vɐŋ	flower
rik	medicine	tsejʔ	eight	rɐŋ	alive; be living	vɐŋ	flower	roʔ	weaver
rik	medicine	tsejʔ	eight	rɐŋ	alive; be living	vɐŋ	flower	roʔ	weaver
rik	medicine	tsejʔ	eight	rɐŋ	alive; be living	vɐŋ	flower	roʔ	weaver
rik	medicine	tsejʔ	eight	rɐŋ	alive; be living	vɐŋ	flower	roʔ	weaver
huk	elephant	huk	elephant	huk	elephant	rik	medicine	tsejʔ	eight
roʔ	weave	roʔ	weave	roʔ	weave	roʔ	weave	roʔ	weave
rik	medicine	tsejʔ	eight	rɐŋ	alive; be living	vɐŋ	flower	roʔ	weaver
tso	enter	rik	medicine	tsejʔ	eight	rɐŋ	alive; be living	vɐŋ	flower
lu	tongue	rik	medicine	tsejʔ	eight	rɐŋ	alive; be living	vɐŋ	flower
rik	medicine	tsejʔ	eight	rɐŋ	alive; be living	vɐŋ	flower	roʔ	weaver
mu	tail	rik	medicine	tsejʔ	eight	rɐŋ	alive; be living	vɐŋ	flower
rik	medicine	tsejʔ	eight	rɐŋ	alive; be living	vɐŋ	flower	roʔ	weaver
ni	nose	rik	medicine	tsejʔ	eight	rɐŋ	alive; be living	vɐŋ	flower
se	hundred	rik	medicine	tsejʔ	eight	rɐŋ	alive; be living	vɐŋ	flower
rik	medicine	tsejʔ	eight	rɐŋ	alive; be living	vɐŋ	flower	roʔ	weaver
tuʔ	deep	tuʔ	deep	tuʔ	deep	rik	medicine	tsejʔ	eight
rik	medicine	tsejʔ	eight	rɐŋ	alive; be living	vɐŋ	flower	roʔ	weaver
now	fry	rik	medicine	tsejʔ	eight	rɐŋ	alive; be living	vɐŋ	flower
ram	otter	ram	otter	ram	otter	rik	medicine	tsejʔ	eight
rik	medicine	tsejʔ	eight	rɐŋ	alive; be living	vɐŋ	flower	roʔ	weaver
kʰe	cough	rik	medicine	tsejʔ	eight	rɐŋ	alive; be living	vɐŋ	flower
re	son-in-law	rik	medicine	tsejʔ	eight	rɐŋ	alive; be living	vɐŋ	flower
leʔ	break	kej	break	rik	medicine	tsejʔ	eight	rɐŋ	alive; be living
rik	medicine	tsejʔ	eight	rɐŋ	alive; be living	vɐŋ	flower	roʔ	weaver
tʰe	dry	tʰe	dry	tʰe	dry	rik	medicine	tsejʔ	eight
tʰu	fruit	rik	medicine	tsejʔ	eight	rɐŋ	alive; be living	vɐŋ	flower
pʰe	seek/search	pʰe	seek/search	pʰe	seek/search	rik	medicine	tsejʔ	eight
rik	medicine	tsejʔ	eight	rɐŋ	alive; be living	vɐŋ	flower	roʔ	weaver
rik	medicine	tsejʔ	eight	rɐŋ	alive; be living	vɐŋ	flower	roʔ	weaver
ŋun	corpse	rik	medicine	tsejʔ	eight	rɐŋ	alive; be living	vɐŋ	flower
rik	medicine	tsejʔ	eight	rɐŋ	alive; be living	vɐŋ	flower	roʔ	weaver
rik	medicine	tsejʔ	eight	rɐŋ	alive; be living	vɐŋ	flower	roʔ	weaver
rik	medicine	tsejʔ	eight	rɐŋ	alive; be living	vɐŋ	flower	roʔ	weaver
tse	eat	tse	eat	tse	eat	rik	medicine	tsejʔ	eight
now	child	rik	medicine	tsejʔ	eight	rɐŋ	alive; be living	vɐŋ	flower
kʰej	fish	rik	medicine	tsejʔ	eight	rɐŋ	alive; be living	vɐŋ	flower
ku	bark	ku	bark	ku	bark	rik	medicine	tsejʔ	eight
rik	medicine	tsejʔ	eight	rɐŋ	alive; be living	vɐŋ	flower	roʔ	weaver
pʰu	foot	rik	medicine	tsejʔ	eight	rɐŋ	alive; be living	vɐŋ	flower
ʃe	thorn	rik	medicine	tsejʔ	eight	rɐŋ	alive; be living	vɐŋ	flower
juʔ	rat	juʔ	rat	rik	medicine	tsejʔ	eight	rɐŋ	alive; be living
wuʔ	belly (exterior)	rik	medicine	tsejʔ	eight	rɐŋ	alive; be living	vɐŋ	flower
rik	medicine	tsejʔ	eight	rɐŋ	alive; be living	vɐŋ	flower	roʔ	weaver
rik	medicine	tsejʔ	eight	rɐŋ	alive; be living	vɐŋ	flower	roʔ	weaver
ruk	water	ruk	water	ruk	water	ruk	water	ruk	water
nik	seven	nik	seven	nik	seven	rik	medicine	tsejʔ	eight
low	field	rik	medicine	tsejʔ	eight	rɐŋ	alive; be living	vɐŋ	flower
luŋ	stone	luŋ	stone	luŋ	stone	rik	medicine	tsejʔ	eight
ce	necklace	rik	medicine	tsejʔ	eight	rɐŋ	alive; be living	vɐŋ	flower
tʰow	fat	rik	medicine	tsejʔ	eight	rɐŋ	alive; be living	vɐŋ	flower
rik	medicine	tsejʔ	eight	rɐŋ	alive; be living	vɐŋ	flower	roʔ	weaver
roʔ	weave	roʔ	weave	roʔ	weave	roʔ	weave	roʔ	weave
lu	brain	luʔ	brain	luʔ	brain	rik	medicine	tsejʔ	eight
rik	medicine	tsejʔ	eight	rɐŋ	alive; be living	vɐŋ	flower	roʔ	weaver
sik	blood	sik	blood	sik	blood	rik	medicine	tsejʔ	eight
rik	medicine	tsejʔ	eight	rɐŋ	alive; be living	vɐŋ	flower	roʔ	weaver
rik	medicine	tsejʔ	eight	rɐŋ	alive; be living	vɐŋ	flower	roʔ	weaver
nuk	breast	nuk	breast	nuk	breast	nuk	breast	rik	medicine
sik	blood	sik	blood	sik	blood	rik	medicine	tsejʔ	eight
ruk	grandchild	ruk	grandchild	rik	medicine	tsejʔ	eight	rɐŋ	alive; be living
kʰu	insect/bug/vermin	rik	medicine	tsejʔ	eight	rɐŋ	alive; be living	vɐŋ	flower
vɐŋ	flower	vɐŋ	flower	vɐŋ	flower	rik	medicine	tsejʔ	eight
lu	buy	rik	medicine	tsejʔ	eight	rɐŋ	alive; be living	vɐŋ	flower
lo	fall	rik	medicine	tsejʔ	eight	rɐŋ	alive; be living	vɐŋ	flower
ruk	bone	ruk	bone	ruk	bone	rik	medicine	tsejʔ	eight
rik	medicine	tsejʔ	eight	rɐŋ	alive; be living	vɐŋ	flower	roʔ	weaver
rik	medicine	tsejʔ	eight	rɐŋ	alive; be living	vɐŋ	flower	roʔ	weaver
tsik	horn	rik	medicine	tsejʔ	eight	rɐŋ	alive; be living	vɐŋ	flower
leʔ	lick	rik	medicine	tsejʔ	eight	rɐŋ	alive; be living	vɐŋ	flower
tsɐr	spit	rik	medicine	tsejʔ	eight	rɐŋ	alive; be living	vɐŋ	flower
tʰɐn	liver	rik	medicine	tsejʔ	eight	rɐŋ	alive; be living	vɐŋ	flower
kaʔ	shoot	kaʔ	shoot	kaʔ	shoot	rik	medicine	tsejʔ	eight
sa	old	rik	medicine	tsejʔ	eight	rɐŋ	alive; be living	vɐŋ	flower
rik	medicine	tsejʔ	eight	rɐŋ	alive; be living	vɐŋ	flower	roʔ	weaver
joʔ	ashamed	rik	medicine	tsejʔ	eight	rɐŋ	alive; be living	vɐŋ	flower
kʰej	crab	row	crab	kʰej	crab	rik	medicine	tsejʔ	eight
kow	head	rik	medicine	tsejʔ	eight	rɐŋ	alive; be living	vɐŋ	flower
juŋ	root	rik	medicine	tsejʔ	eight	rɐŋ	alive; be living	vɐŋ	flower
rik	medicine	tsejʔ	eight	rɐŋ	alive; be living	vɐŋ	flower	roʔ	weaver
ju	sell	rik	medicine	tsejʔ	eight	rɐŋ	alive; be living	vɐŋ	flower
kʰej	fish	rik	medicine	tsejʔ	eight	rɐŋ	alive; be living	vɐŋ	flower
rik	medicine	tsejʔ	eight	rɐŋ	alive; be living	vɐŋ	flower	roʔ	weaver
rik	medicine	tsejʔ	eight	rɐŋ	alive; be living	vɐŋ	flower	roʔ	weaver
rik	medicine	tsejʔ	eight	rɐŋ	alive; be living	vɐŋ	flower	roʔ	weaver
rik	medicine	tsejʔ	eight	rɐŋ	alive; be living	vɐŋ	flower	roʔ	weaver
rik	medicine	tsejʔ	eight	rɐŋ	alive; be living	vɐŋ	flower	roʔ	weaver
kɐŋ	horse	kɐŋ	horse	kɐŋ	horse	kɐŋ	horse	kɐŋ	horse
mu	cloud	rik	medicine	tsejʔ	eight	rɐŋ	alive; be living	vɐŋ	flower
rik	medicine	tsejʔ	eight	rɐŋ	alive; be living	vɐŋ	flower	roʔ	weaver
tsuk	touch	tsuk	touch	rik	medicine	tsejʔ	eight	rɐŋ	alive; be living
rik	medicine	tsejʔ	eight	rɐŋ	alive; be living	vɐŋ	flower	roʔ	weaver
je	night	rik	medicine	tsejʔ	eight	rɐŋ	alive; be living	vɐŋ	flower
re	sharpen	rik	medicine	tsejʔ	eight	rɐŋ	alive; be living	vɐŋ	flower
mej	face	rik	medicine	tsejʔ	eight	rɐŋ	alive; be living	vɐŋ	flower
rik	medicine	tsejʔ	eight	rɐŋ	alive; be living	vɐŋ	flower	roʔ	weaver
rik	medicine	tsejʔ	eight	rɐŋ	alive; be living	vɐŋ	flower	roʔ	weaver
vuk	father-in-law	rik	medicine	tsejʔ	eight	rɐŋ	alive; be living	vɐŋ	flower
wi	bamboo	we	bamboo	we	bamboo	we	bamboo	rik	medicine
pʰuŋ	mountain	rik	medicine	tsejʔ	eight	rɐŋ	alive; be living	vɐŋ	flower
suʔ	emerge	suʔ	emerge	suʔ	emerge	rik	medicine	tsejʔ	eight
rik	medicine	tsejʔ	eight	rɐŋ	alive; be living	vɐŋ	flower	roʔ	weaver
rik	medicine	tsejʔ	eight	rɐŋ	alive; be living	vɐŋ	flower	roʔ	weaver
rik	medicine	tsejʔ	eight	rɐŋ	alive; be living	vɐŋ	flower	roʔ	weaver
suŋ	mortar	suŋ	mortar	suŋ	mortar	rik	medicine	tsejʔ	eight
tsɐr	spit	rik	medicine	tsejʔ	eight	rɐŋ	alive; be living	vɐŋ	flower
rik	medicine	tsejʔ	eight	rɐŋ	alive; be living	vɐŋ	flower	roʔ	weaver
kik	four	kik	four	kik	four	rik	medicine	tsejʔ	eight
ri	iron	rik	medicine	tsejʔ	eight	rɐŋ	alive; be living	vɐŋ	flower
rik	medicine	tsejʔ	eight	rɐŋ	alive; be living	vɐŋ	flower	roʔ	weaver
lu	brain	luʔ	brain	luʔ	brain	rik	medicine	tsejʔ	eight
rik	medicine	tsejʔ	eight	rɐŋ	alive; be living	vɐŋ	flower	roʔ	weaver
pʰu	foot	rik	medicine	tsejʔ	eight	rɐŋ	alive; be living	vɐŋ	flower
rik	medicine	tsejʔ	eight	rɐŋ	alive; be living	vɐŋ	flower	roʔ	weaver
kʰɐm	door	rik	medicine	tsejʔ	eight	rɐŋ	alive; be living	vɐŋ	flower
rik	medicine	tsejʔ	eight	rɐŋ	alive; be living	vɐŋ	flower	roʔ	weaver
rik	medicine	tsejʔ	eight	rɐŋ	alive; be living	vɐŋ	flower	roʔ	weaver
me	give	rik	medicine	tsejʔ	eight	rɐŋ	alive; be living	vɐŋ	flower
rik	medicine	tsejʔ	eight	rɐŋ	alive; be living	vɐŋ	flower	roʔ	weaver
huk	dog	huk	dog	rik	medicine	tsejʔ	eight	rɐŋ	alive; be living
rɐŋ	snake	rɐŋ	snake	rɐŋ	snake	rɐŋ	snake	rɐŋ	snake
tʰo	clean	rik	medicine	tsejʔ	eight	rɐŋ	alive; be living	vɐŋ	flower
lu	squirrel	lu	squirrel	lu	squirrel	rik	medicine	tsejʔ	eight
rik	medicine	tsejʔ	eight	rɐŋ	alive; be living	vɐŋ	flower	roʔ	weaver
luŋ	stone	luŋ	stone	luŋ	stone	rik	medicine	tsejʔ	eight
pej	fly	pej	fly	rik	medicine	tsejʔ	eight	rɐŋ	alive; be living
vue	leftside	vue	leftside	vue	leftside	rik	medicine	tsejʔ	eight
si	long	rik	medicine	tsejʔ	eight	rɐŋ	alive; be living	vɐŋ	flower
leʔ	break	kej	break	rik	medicine	tsejʔ	eight	rɐŋ	alive; be living
roʔ	weave	roʔ	weave	roʔ	weave	roʔ	weave	roʔ	weave
rik	medicine	tsejʔ	eight	rɐŋ	alive; be living	vɐŋ	flower	roʔ	weaver
vɐm	round	rik	medicine	tsejʔ	eight	rɐŋ	alive; be living	vɐŋ	flower
rik	medicine	tsejʔ	eight	rɐŋ	alive; be living	vɐŋ	flower	roʔ	weaver
kej	cross	rik	medicine	tsejʔ	eight	rɐŋ	alive; be living	vɐŋ	flower
rik	medicine	tsejʔ	eight	rɐŋ	alive; be living	vɐŋ	flower	roʔ	weaver
rik	medicine	tsejʔ	eight	rɐŋ	alive; be living	vɐŋ	flower	roʔ	weaver
nuk	laugh	nuk	laugh	nuk	laugh	nuk	laugh	rik	medicine
hɐm	bear	hɐm	bear	rik	medicine	tsejʔ	eight	rɐŋ	alive; be living
hej	expect	rik	medicine	tsejʔ	eight	rɐŋ	alive; be living	vɐŋ	flower
kʰej	fish	rik	medicine	tsejʔ	eight	rɐŋ	alive; be living	vɐŋ	flower
rik	medicine	tsejʔ	eight	rɐŋ	alive; be living	vɐŋ	flower	roʔ	weaver
rik	medicine	tsejʔ	eight	rɐŋ	alive; be living	vɐŋ	flower	roʔ	weaver
rik	medicine	tsejʔ	eight	rɐŋ	alive; be living	vɐŋ	flower	roʔ	weaver
nej	near	rik	medicine	tsejʔ	eight	rɐŋ	alive; be living	vɐŋ	flower
rik	medicine	tsejʔ	eight	rɐŋ	alive; be living	vɐŋ	flower	roʔ	weaver
kʰe	bitter	kʰe	bitter	kʰe	bitter	kʰe	bitter	kʰe	bitter
rik	medicine	tsejʔ	eight	rɐŋ	alive; be living	vɐŋ	flower	roʔ	weaver
kʰej	crab	row	crab	kʰej	crab	rik	medicine	tsejʔ	eight
rik	medicine	tsejʔ	eight	rɐŋ	alive; be living	vɐŋ	flower	roʔ	weaver
rik	medicine	tsejʔ	eight	rɐŋ	alive; be living	vɐŋ	flower	roʔ	weaver
kʰoʔ	breath	rik	medicine	tsejʔ	eight	rɐŋ	alive; be living	vɐŋ	flower
rik	medicine	tsejʔ	eight	rɐŋ	alive; be living	vɐŋ	flower	roʔ	weaver
kɐm	year	rik	medicine	tsejʔ	eight	rɐŋ	alive; be living	vɐŋ	flower
kʰɐm	back	ʔa	back	ʔa	back	rik	medicine	tsejʔ	eight
rik	medicine	tsejʔ	eight	rɐŋ	alive; be living	vɐŋ	flower	roʔ	weaver
rik	medicine	tsejʔ	eight	rɐŋ	alive; be living	vɐŋ	flower	roʔ	weaver
ruk	egg	ruk	egg	ruk	egg	ruk	egg	ruk	egg
mɐŋ	ripe/well-cooked	rik	medicine	tsejʔ	eight	rɐŋ	alive; be living	vɐŋ	flower
rik	medicine	tsejʔ	eight	rɐŋ	alive; be living	vɐŋ	flower	roʔ	weaver
rik	medicine	tsejʔ	eight	rɐŋ	alive; be living	vɐŋ	flower	roʔ	weaver
kaʔ	kick	kaʔ	kick	rik	medicine	tsejʔ	eight	rɐŋ	alive; be living
li	steal	rik	medicine	tsejʔ	eight	rɐŋ	alive; be living	vɐŋ	flower
huk	dog	huk	dog	rik	medicine	tsejʔ	eight	rɐŋ	alive; be living
rik	medicine	tsejʔ	eight	rɐŋ	alive; be living	vɐŋ	flower	roʔ	weaver
kə	blow	kə	blow	pʰej	blow	lik	blow	rik	medicine
rik	medicine	tsejʔ	eight	rɐŋ	alive; be living	vɐŋ	flower	roʔ	weaver
tsej	sharp	rik	medicine	tsejʔ	eight	rɐŋ	alive; be living	vɐŋ	flower
rik	medicine	tsejʔ	eight	rɐŋ	alive; be living	vɐŋ	flower	roʔ	weaver
we	axe	rwe	axe	r	axe	rik	medicine	tsejʔ	eight
ni	five	ni	five	ni	five	rik	medicine	tsejʔ	eight
rik	medicine	tsejʔ	eight	rɐŋ	alive; be living	vɐŋ	flower	roʔ	weaver
rik	medicine	tsejʔ	eight	rɐŋ	alive; be living	vɐŋ	flower	roʔ	weaver
rik	medicine	tsejʔ	eight	rɐŋ	alive; be living	vɐŋ	flower	roʔ	weaver
rik	medicine	tsejʔ	eight	rɐŋ	alive; be living	vɐŋ	flower	roʔ	weaver
tse	ant	tse	ant	rik	medicine	tsejʔ	eight	rɐŋ	alive; be living
re	come	rik	medicine	tsejʔ	eight	rɐŋ	alive; be living	vɐŋ	flower
kɐp	finish	rik	medicine	tsejʔ	eight	rɐŋ	alive; be living	vɐŋ	flower
so	penis	rik	medicine	tsejʔ	eight	rɐŋ	alive; be living	vɐŋ	flower
rik	medicine	tsejʔ	eight	rɐŋ	alive; be living	vɐŋ	flower	roʔ	weaver
rik	medicine	tsejʔ	eight	rɐŋ	alive; be living	vɐŋ	flower	roʔ	weaver
rik	medicine	tsejʔ	eight	rɐŋ	alive; be living	vɐŋ	flower	roʔ	weaver
rik	medicine	tsejʔ	eight	rɐŋ	alive; be living	vɐŋ	flower	roʔ	weaver
tsejʔ	eight	rik	medicine	rɐŋ	alive; be living	vɐŋ	flower	roʔ	weaver
rik	medicine	tsejʔ	eight	rɐŋ	alive; be living	vɐŋ	flower	roʔ	weaver
rik	medicine	tsejʔ	eight	rɐŋ	alive; be living	vɐŋ	flower	roʔ	weaver
nam	smell	rik	medicine	tsejʔ	eight	rɐŋ	alive; be living	vɐŋ	flower
ruk	grandchild	ruk	grandchild	rik	medicine	tsejʔ	eight	rɐŋ	alive; be living
kʰe	chin	kʰe	chin	kʰe	chin	kʰe	chin	kʰe	chin
roʔ	weave	roʔ	weave	roʔ	weave	roʔ	weave	roʔ	weave
haw	start	rik	medicine	tsejʔ	eight	rɐŋ	alive; be living	vɐŋ	flower
nuk	laugh	nuk	laugh	nuk	laugh	nuk	laugh	rik	medicine
rik	medicine	tsejʔ	eight	rɐŋ	alive; be living	vɐŋ	flower	roʔ	weaver
tsɐr	spit	rik	medicine	tsejʔ	eight	rɐŋ	alive; be living	vɐŋ	flower
ni	ear	rik	medicine	tsejʔ	eight	rɐŋ	alive; be living	vɐŋ	flower
rik	medicine	tsejʔ	eight	rɐŋ	alive; be living	vɐŋ	flower	roʔ	weaver
we	bird	rik	medicine	tsejʔ	eight	rɐŋ	alive; be living	vɐŋ	flower
kʰu	insect/bug/vermin	rik	medicine	tsejʔ	eight	rɐŋ	alive; be living	vɐŋ	flower
roʔ	weave	roʔ	weave	roʔ	weave	roʔ	weave	roʔ	weave
ruk	grandchild	ruk	grandchild	rik	medicine	tsejʔ	eight	rɐŋ	alive; be living
rik	medicine	tsejʔ	eight	rɐŋ	alive; be living	vɐŋ	flower	roʔ	weaver
tʰe	dry	tʰe	dry	tʰe	dry	rik	medicine	tsejʔ	eight
rik	medicine	tsejʔ	eight	rɐŋ	alive; be living	vɐŋ	flower	roʔ	weaver
rik	medicine	tsejʔ	eight	rɐŋ	alive; be living	vɐŋ	flower	roʔ	weaver
tsik	horn	rik	medicine	tsejʔ	eight	rɐŋ	alive; be living	vɐŋ	flower
rɐŋ	alive	rik	medicine	tsejʔ	eight	rɐŋ	alive; be living	vɐŋ	flower
nuk	breast	nuk	breast	nuk	breast	nuk	breast	rik	medicine
ju	monkey	ju	monkey	ju	monkey	rik	medicine	tsejʔ	eight
rik	medicine	tsejʔ	eight	rɐŋ	alive; be living	vɐŋ	flower	roʔ	weaver
we	axe	rwe	axe	r	axe	rik	medicine	tsejʔ	eight
rik	medicine	tsejʔ	eight	rɐŋ	alive; be living	vɐŋ	flower	roʔ	weaver
pʰik	clothes	pʰik	clothes	sɐŋ	clothes	rik	medicine	tsejʔ	eight
naʔ	stick (v.)	rik	medicine	tsejʔ	eight	rɐŋ	alive; be living	vɐŋ	flower
wi	bamboo	we	bamboo	we	bamboo	we	bamboo	rik	medicine
ruk	grandchild	ruk	grandchild	rik	medicine	tsejʔ	eight	rɐŋ	alive; be living
tsow	tall	rik	medicine	tsejʔ	eight	rɐŋ	alive; be living	vɐŋ	flower
rik	medicine	tsejʔ	eight	rɐŋ	alive; be living	vɐŋ	flower	roʔ	weaver
tse	hear	rik	medicine	tsejʔ	eight	rɐŋ	alive; be living	vɐŋ	flower
kej	kidney	kej	kidney	rik	medicine	tsejʔ	eight	rɐŋ	alive; be living
tsaʔ	weep	tsaʔ	weep	tsaʔ	weep	rik	medicine	tsejʔ	eight
we	tooth	rik	medicine	tsejʔ	eight	rɐŋ	alive; be living	vɐŋ	flower
we	axe	rwe	axe	r	axe	rik	medicine	tsejʔ	eight
rik	medicine	tsejʔ	eight	rɐŋ	alive; be living	vɐŋ	flower	roʔ	weaver
rik	medicine	tsejʔ	eight	rɐŋ	alive; be living	vɐŋ	flower	roʔ	weaver
mɐŋ	name	rik	medicine	tsejʔ	eight	rɐŋ	alive; be living	vɐŋ	flower
rejʔ	heavy	rejʔ	heavy	rejʔ	heavy	rik	medicine	tsejʔ	eight
rik	medicine	tsejʔ	eight	rɐŋ	alive; be living	vɐŋ	flower	roʔ	weaver
tsuk	dove	tsuk	dove	rik	medicine	tsejʔ	eight	rɐŋ	alive; be living
suŋ	correct	rik	medicine	tsejʔ	eight	rɐŋ	alive; be living	vɐŋ	flower
sam	hair (head)	rik	medicine	tsejʔ	eight	rɐŋ	alive; be living	vɐŋ	flower
rik	medicine	tsejʔ	eight	rɐŋ	alive; be living	vɐŋ	flower	roʔ	weaver
kʰuʔ	knee	kʰuʔ	knee	rik	medicine	tsejʔ	eight	rɐŋ	alive; be living
reʔ	tie	suk	tie	suk	tie	suk	tie	rik	medicine
tsik	horn	rik	medicine	tsejʔ	eight	rɐŋ	alive; be living	vɐŋ	flower
maʔ	brother-in-law	rik	medicine	tsejʔ	eight	rɐŋ	alive; be living	vɐŋ	flower
rik	medicine	tsejʔ	eight	rɐŋ	alive; be living	vɐŋ	flower	roʔ	weaver
roʔ	weave	roʔ	weave	roʔ	weave	roʔ	weave	roʔ	weave
ruk	bone	ruk	bone	ruk	bone	rik	medicine	tsejʔ	eight
keʔ	green	rik	medicine	tsejʔ	eight	rɐŋ	alive; be living	vɐŋ	flower
sik	comb	sik	comb	sik	comb	rik	medicine	tsejʔ	eight
kɐŋ	horse	kɐŋ	horse	kɐŋ	horse	kɐŋ	horse	kɐŋ	horse
rik	medicine	tsejʔ	eight	rɐŋ	alive; be living	vɐŋ	flower	roʔ	weaver
rik	medicine	tsejʔ	eight	rɐŋ	alive; be living	vɐŋ	flower	roʔ	weaver
vɐm	body	ʃe	body	rik	medicine	tsejʔ	eight	rɐŋ	alive; be living
kʰej	pound/crush	rik	medicine	tsejʔ	eight	rɐŋ	alive; be living	vɐŋ	flower
rik	medicine	tsejʔ	eight	rɐŋ	alive; be living	vɐŋ	flower	roʔ	weaver
pej	fly	pej	fly	rik	medicine	tsejʔ	eight	rɐŋ	alive; be living
tʰow	awaken	tʰow	awaken	tʰow	awaken	rik	medicine	tsejʔ	eight
tsoʔ	black	tsoʔ	black	tsoʔ	black	rik	medicine	tsejʔ	eight
sam	hair (head)	rik	medicine	tsejʔ	eight	rɐŋ	alive; be living	vɐŋ	flower
rik	medicine	tsejʔ	eight	rɐŋ	alive; be living	vɐŋ	flower	roʔ	weaver
rik	medicine	tsejʔ	eight	rɐŋ	alive; be living	vɐŋ	flower	roʔ	weaver
tsu	spear	rik	medicine	tsejʔ	eight	rɐŋ	alive; be living	vɐŋ	flower
ku	nine	ku	nine	ku	nine	rik	medicine	tsejʔ	eight
kaʔ	shoot	kaʔ	shoot	kaʔ	shoot	rik	medicine	tsejʔ	eight
nuk	laugh	nuk	laugh	nuk	laugh	nuk	laugh	rik	medicine
rik	medicine	tsejʔ	eight	rɐŋ	alive; be living	vɐŋ	flower	roʔ	weaver
sik	blood	sik	blood	sik	blood	rik	medicine	tsejʔ	eight
vue	leftside	vue	leftside	vue	leftside	rik	medicine	tsejʔ	eight
rik	medicine	tsejʔ	eight	rɐŋ	alive; be living	vɐŋ	flower	roʔ	weaver
tʰɐŋ	hide	rik	medicine	tsejʔ	eight	rɐŋ	alive; be living	vɐŋ	flower
tsuk	dove	tsuk	dove	rik	medicine	tsejʔ	eight	rɐŋ	alive; be living
kʰɐm	back	ʔa	back	ʔa	back	rik	medicine	tsejʔ	eight
rik	medicine	tsejʔ	eight	rɐŋ	alive; be living	vɐŋ	flower	roʔ	weaver
huk	elephant	huk	elephant	huk	elephant	rik	medicine	tsejʔ	eight
kow	grasshopper	kow	grasshopper	kow	grasshopper	kow	grasshopper	kow	grasshopper
kik	four	kik	four	kik	four	rik	medicine	tsejʔ	eight
wuʔ	belly (exterior)	rik	medicine	tsejʔ	eight	rɐŋ	alive; be living	vɐŋ	flower
sejʔ	rub	rik	medicine	tsejʔ	eight	rɐŋ	alive; be living	vɐŋ	flower
kɐn	twenty	kɐn	twenty	rik	medicine	tsejʔ	eight	rɐŋ	alive; be living
kʰej	crab	row	crab	kʰej	crab	rik	medicine	tsejʔ	eight
tʰoʔ	chest	rik	medicine	tsejʔ	eight	rɐŋ	alive; be living	vɐŋ	flower
kaʔ	kick	kaʔ	kick	rik	medicine	tsejʔ	eight	rɐŋ	alive; be living
rik	medicine	tsejʔ	eight	rɐŋ	alive; be living	vɐŋ	flower	roʔ	weaver
rik	medicine	tsejʔ	eight	rɐŋ	alive; be living	vɐŋ	flower	roʔ	weaver
re	finger	rik	medicine	tsejʔ	eight	rɐŋ	alive; be living	vɐŋ	flower
pʰu	foot	rik	medicine	tsejʔ	eight	rɐŋ	alive; be living	vɐŋ	flower
re	be born	rik	medicine	tsejʔ	eight	rɐŋ	alive; be living	vɐŋ	flower
kə	blow	kə	blow	pʰej	blow	lik	blow	rik	medicine
nik	mother-in-law	nik	mother-in-law	nik	mother-in-law	rik	medicine	tsejʔ	eight
raʔ	rib	rik	medicine	tsejʔ	eight	rɐŋ	alive; be living	vɐŋ	flower
rik	medicine	tsejʔ	eight	rɐŋ	alive; be living	vɐŋ	flower	roʔ	weaver
se	thick	rik	medicine	tsejʔ	eight	rɐŋ	alive; be living	vɐŋ	flower
rik	medicine	tsejʔ	eight	rɐŋ	alive; be living	vɐŋ	flower	roʔ	weaver
pʰu	foot	rik	medicine	tsejʔ	eight	rɐŋ	alive; be living	vɐŋ	flower
rik	medicine	tsejʔ	eight	rɐŋ	alive; be living	vɐŋ	flower	roʔ	weaver
nuk	laugh	nuk	laugh	nuk	laugh	nuk	laugh	rik	medicine
tʰejʔ	kill	rik	medicine	tsejʔ	eight	rɐŋ	alive; be living	vɐŋ	flower
mo	dream	rik	medicine	tsejʔ	eight	rɐŋ	alive; be living	vɐŋ	flower
kʰow	dirty	rik	medicine	tsejʔ	eight	rɐŋ	alive; be living	vɐŋ	flower
vue	leftside	vue	leftside	vue	leftside	rik	medicine	tsejʔ	eight
hoʔ	big	rik	medicine	tsejʔ	eight	rɐŋ	alive; be living	vɐŋ	flower
rik	medicine	tsejʔ	eight	rɐŋ	alive; be living	vɐŋ	flower	roʔ	weaver
kʰuʔ	knee	kʰuʔ	knee	rik	medicine	tsejʔ	eight	rɐŋ	alive; be living
mu	fire	rik	medicine	tsejʔ	eight	rɐŋ	alive; be living	vɐŋ	flower
rik	medicine	tsejʔ	eight	rɐŋ	alive; be living	vɐŋ	flower	roʔ	weaver
lu	brain	luʔ	brain	luʔ	brain	rik	medicine	tsejʔ	eight
rik	medicine	tsejʔ	eight	rɐŋ	alive; be living	vɐŋ	flower	roʔ	weaver
kʰe	chin	kʰe	chin	kʰe	chin	kʰe	chin	kʰe	chin
tʰow	drive	rik	medicine	tsejʔ	eight	rɐŋ	alive; be living	vɐŋ	flower
kʰu	neck	rik	medicine	tsejʔ	eight	rɐŋ	alive; be living	vɐŋ	flower
su	tempt	rik	medicine	tsejʔ	eight	rɐŋ	alive; be living	vɐŋ	flower
nuk	laugh	nuk	laugh	nuk	laugh	nuk	laugh	rik	medicine
rik	medicine	tsejʔ	eight	rɐŋ	alive; be living	vɐŋ	flower	roʔ	weaver
re	ten	rik	medicine	tsejʔ	eight	rɐŋ	alive; be living	vɐŋ	flower
rik	medicine	tsejʔ	eight	rɐŋ	alive; be living	vɐŋ	flower	roʔ	weaver
rik	medicine	tsejʔ	eight	rɐŋ	alive; be living	vɐŋ	flower	roʔ	weaver
pʰu	foot	rik	medicine	tsejʔ	eight	rɐŋ	alive; be living	vɐŋ	flower
vuk	father-in-law	rik	medicine	tsejʔ	eight	rɐŋ	alive; be living	vɐŋ	flower
rik	medicine	tsejʔ	eight	rɐŋ	alive; be living	vɐŋ	flower	roʔ	weaver
vow	shout	rik	medicine	tsejʔ	eight	rɐŋ	alive; be living	vɐŋ	flower
rik	medicine	tsejʔ	eight	rɐŋ	alive; be living	vɐŋ	flower	roʔ	weaver
rik	medicine	tsejʔ	eight	rɐŋ	alive; be living	vɐŋ	flower	roʔ	weaver
rik	medicine	rik	medicine	tsejʔ	eight	rɐŋ	alive; be living	vɐŋ	flower
ʃe	thorn	rik	medicine	tsejʔ	eight	rɐŋ	alive; be living	vɐŋ	flower
rik	medicine	tsejʔ	eight	rɐŋ	alive; be living	vɐŋ	flower	roʔ	weaver
rik	medicine	tsejʔ	eight	rɐŋ	alive; be living	vɐŋ	flower	roʔ	weaver
rik	medicine	tsejʔ	eight	rɐŋ	alive; be living	vɐŋ	flower	roʔ	weaver
rik	medicine	tsejʔ	eight	rɐŋ	alive; be living	vɐŋ	flower	roʔ	weaver
rik	medicine	tsejʔ	eight	rɐŋ	alive; be living	vɐŋ	flower	roʔ	weaver
rik	medicine	tsejʔ	eight	rɐŋ	alive; be living	vɐŋ	flower	roʔ	weaver
vu	crawl	rik	medicine	tsejʔ	eight	rɐŋ	alive; be living	vɐŋ	flower
ruk	water	ruk	water	ruk	water	ruk	water	ruk	water
rik	medicine	tsejʔ	eight	rɐŋ	alive; be living	vɐŋ	flower	roʔ	weaver
rik	medicine	tsejʔ	eight	rɐŋ	alive; be living	vɐŋ	flower	roʔ	weaver
tsow	dig	rik	medicine	tsejʔ	eight	rɐŋ	alive; be living	vɐŋ	flower
lɐm	warm	rik	medicine	tsejʔ	eight	rɐŋ	alive; be living	vɐŋ	flower
kə	blow	kə	blow	pʰej	blow	lik	blow	rik	medicine
