t͡ɕʰɯ̃̀ə	wing	kʰɹ̥ɯ̀e	intestine	t͡ɕɯ̂ə̃	mosquito	t͡sɯ̃́ə	marrow	t͡ɕʰúə	sick, be
rɯ̃́ə	finger	t͡ɕʰɯ̃̀ə	wing	kʰɹ̥ɯ̀e	intestine	t͡ɕɯ̂ə̃	mosquito	t͡sɯ̃́ə	marrow
t͡ɕɯ̂ə̃	mosquito	t͡sɯ̃́ə	marrow	t͡ɕɯ̃́ə	moon	t͡ɕʰɯ̃̀ə	wing	sxɯ̃̀ə	husked rice
t͡ɕʰɯ̃̀ə	wing	kʰɹ̥ɯ̀e	intestine	t͡ɕɯ̂ə̃	mosquito	t͡sɯ̃́ə	marrow	t͡ɕʰúə	sick, be
kʰɹ̥ɯ̀e	intestine	kʰɹ̥ɯ̀e	intestine	kʰr̥ɯ̀e	large intestine	t͡ɕʰɯ̃̀ə	wing	sxɯ̃̀ə	husked rice
nə́	seven	nə́	seven	t͡ɕʰɯ̃̀ə	wing	kʰɹ̥ɯ̀e	intestine	t͡ɕɯ̂ə̃	mosquito
t͡ɕʰɯ̃̀ə	wing	kʰɹ̥ɯ̀e	intestine	t͡ɕɯ̂ə̃	mosquito	t͡sɯ̃́ə	marrow	t͡ɕʰúə	sick, be
t͡ɕʰɯ̃̀ə	wing	kʰɹ̥ɯ̀e	intestine	t͡ɕɯ̂ə̃	mosquito	t͡sɯ̃́ə	marrow	t͡ɕʰɯ̂ə	like
kɕì	chin	kɕì	chin	kɕì	chin	t͡ɕɯ̂ə̃	mosquito	t͡sɯ̃́ə	marrow
t͡ɕʰɯ̃̀ə	wing	kʰɹ̥ɯ̀e	intestine	t͡ɕɯ̂ə̃	mosquito	t͡sɯ̃́ə	marrow	t͡ɕʰúə	sick, be
sxɯ̃̀ə	husked rice	kʰɹ̥ɯ̀e	intestine	r̥ɯ̃̀ə	headlouse	t͡ɕɯ̂ə̃	mosquito	t͡sɯ̃́ə	marrow
pɕí	seek/search	pɕí	seek/search	t͡ɕɯ̂ə̃	mosquito	t͡sɯ̃́ə	marrow	t͡ɕɯ̃́ə	moon
t͡ɕʰɯ̃̀ə	wing	kʰɹ̥ɯ̀e	intestine	t͡ɕɯ̂ə̃	mosquito	t͡sɯ̃́ə	marrow	t͡ɕʰúə	sick, be
ʔy	dog	ʔy	dog	ʔy	dog	t͡ɕʰɯ̃̀ə	wing	kʰɹ̥ɯ̀e	intestine
pɯ́ə	flower	pɯ́ə	flower	t͡ɕʰɯ̃̀ə	wing	kʰɹ̥ɯ̀e	intestine	t͡ɕɯ̂ə̃	mosquito
t͡sɯ́	comb	t͡sɯ́	comb	t͡ɕʰɯ̃̀ə	wing	kʰɹ̥ɯ̀e	intestine	t͡ɕɯ̂ə̃	mosquito
sxɯ̃̀ə	husked rice	kʰɹ̥ɯ̀e	intestine	r̥ɯ̃̀ə	headlouse	t͡ɕɯ̂ə̃	mosquito	t͡sɯ̃́ə	marrow
t͡ɕʰɯ̃̀ə	wing	kʰɹ̥ɯ̀e	intestine	t͡ɕɯ̂ə̃	mosquito	t͡sɯ̃́ə	marrow	t͡ɕʰúə	sick, be
ʔõ̂	pot	t͡ɕʰɯ̃̀ə	wing	kʰɹ̥ɯ̀e	intestine	t͡ɕɯ̂ə̃	mosquito	t͡sɯ̃́ə	marrow
lũ̀	heart	lũ̀	heart	t͡ɕʰɯ̃̀ə	wing	kʰɹ̥ɯ̀e	intestine	t͡ɕɯ̂ə̃	mosquito
má	fire	t͡ɕʰɯ̃̀ə	wing	kʰɹ̥ɯ̀e	intestine	t͡ɕɯ̂ə̃	mosquito	t͡sɯ̃́ə	marrow
kɕí	cough	t͡ɕɯ̂ə̃	mosquito	t͡sɯ̃́ə	marrow	t͡ɕɯ̃́ə	moon	t͡ɕʰɯ̃̀ə	wing
t͡ɕʰɯ̃̀ə	wing	kʰɹ̥ɯ̀e	intestine	t͡ɕɯ̂ə̃	mosquito	t͡sɯ̃́ə	marrow	t͡ɕʰúə	sick, be
ɕĩ̂	song	t͡ɕʰɯ̃̀ə	wing	kʰɹ̥ɯ̀e	intestine	t͡ɕɯ̂ə̃	mosquito	t͡sɯ̃́ə	marrow
t͡ɕʰɯ̃̀ə	wing	kʰɹ̥ɯ̀e	intestine	t͡ɕɯ̂ə̃	mosquito	t͡sɯ̃́ə	marrow	t͡ɕʰɯ̂ə	like
kfɯ̂	smoke	kfɯ̂	smoke	t͡ɕɯ̂ə̃	mosquito	t͡sɯ̃́ə	marrow	t͡ɕɯ̃́ə	moon
t͡ɕʰɯ̃̀ə	wing	kʰɹ̥ɯ̀e	intestine	t͡ɕɯ̂ə̃	mosquito	t͡sɯ̃́ə	marrow	t͡ɕʰúə	sick, be
t͡ɕʰî	seed	t͡ɕʰî	seed	sxɯ̃̀ə	husked rice	kʰɹ̥ɯ̀e	intestine	r̥ɯ̃̀ə	headlouse
t͡ɕʰɯ̃̀ə	wing	kʰɹ̥ɯ̀e	intestine	t͡ɕɯ̂ə̃	mosquito	t͡sɯ̃́ə	marrow	t͡ɕʰɯ̂ə	like
ɹɯ̂e	war	t͡ɕʰɯ̃̀ə	wing	kʰɹ̥ɯ̀e	intestine	t͡ɕɯ̂ə̃	mosquito	t͡sɯ̃́ə	marrow
kʰɹ̥ɯ̀e	intestine	kʰɹ̥ɯ̀e	intestine	kʰr̥ɯ̀e	large intestine	t͡ɕʰɯ̃̀ə	wing	sxɯ̃̀ə	husked rice
zỳ	sell	t͡ɕʰɯ̃̀ə	wing	kʰɹ̥ɯ̀e	intestine	t͡ɕɯ̂ə̃	mosquito	t͡sɯ̃́ə	marrow
ɕúe	wind	ɕúe	wind	t͡ɕʰɯ̃̀ə	wing	kʰɹ̥ɯ̀e	intestine	t͡ɕɯ̂ə̃	mosquito
sxɯ̃̀ə	husked rice	kʰɹ̥ɯ̀e	intestine	r̥ɯ̃̀ə	headlouse	t͡ɕɯ̂ə̃	mosquito	t͡sɯ̃́ə	marrow
kxùi	bee	kxùi	bee	kxùi	bee	t͡ɕɯ̂ə̃	mosquito	t͡sɯ̃́ə	marrow
kɕì	chin	kɕì	chin	kɕì	chin	t͡ɕɯ̂ə̃	mosquito	t͡sɯ̃́ə	marrow
kṍ	river	kṍ	river	t͡ɕʰɯ̃̀ə	wing	t͡ɕɯ̂ə̃	mosquito	t͡sɯ̃́ə	marrow
t͡ɕʰɯ̃̀ə	wing	kʰɹ̥ɯ̀e	intestine	t͡ɕɯ̂ə̃	mosquito	t͡sɯ̃́ə	marrow	t͡ɕʰúə	sick, be
pɯ̀ə̃	arm	t͡ɕʰɯ̃̀ə	wing	kʰɹ̥ɯ̀e	intestine	t͡ɕɯ̂ə̃	mosquito	t͡sɯ̃́ə	marrow
tõ̂	weave	tõ̂	weave	tõ̂	weave	tó	weave	tó	weave
kʰɹ̥ɯ̀e	intestine	kʰɹ̥ɯ̀e	intestine	kʰr̥ɯ̀e	large intestine	t͡ɕʰɯ̃̀ə	wing	sxɯ̃̀ə	husked rice
t͡ɕʰɯ̃̀ə	wing	kʰɹ̥ɯ̀e	intestine	t͡ɕɯ̂ə̃	mosquito	t͡sɯ̃́ə	marrow	t͡ɕʰúə	sick, be
hè	six	trú	six	t͡ɕʰɯ̃̀ə	wing	kʰɹ̥ɯ̀e	intestine	t͡ɕɯ̂ə̃	mosquito
t͡ɕʰɯ̃̀ə	wing	kʰɹ̥ɯ̀e	intestine	t͡ɕɯ̂ə̃	mosquito	t͡sɯ̃́ə	marrow	t͡ɕʰúə	sick, be
mɯ̃̀ə	name	t͡ɕʰɯ̃̀ə	wing	kʰɹ̥ɯ̀e	intestine	t͡ɕɯ̂ə̃	mosquito	t͡sɯ̃́ə	marrow
t͡ɕʰɯ̃̀ə	wing	kʰɹ̥ɯ̀e	intestine	t͡ɕɯ̂ə̃	mosquito	t͡sɯ̃́ə	marrow	t͡ɕʰúə	sick, be
pî	father	t͡ɕʰɯ̃̀ə	wing	kʰɹ̥ɯ̀e	intestine	t͡ɕɯ̂ə̃	mosquito	t͡sɯ̃́ə	marrow
mà	comparative degree	t͡ɕʰɯ̃̀ə	wing	kʰɹ̥ɯ̀e	intestine	t͡ɕɯ̂ə̃	mosquito	t͡sɯ̃́ə	marrow
mɯ̀	cat	t͡ɕʰɯ̃̀ə	wing	kʰɹ̥ɯ̀e	intestine	t͡ɕɯ̂ə̃	mosquito	t͡sɯ̃́ə	marrow
t͡ɕʰɯ̃̀ə	wing	kʰɹ̥ɯ̀e	intestine	t͡ɕɯ̂ə̃	mosquito	t͡sɯ̃́ə	marrow	t͡ɕʰúə	sick, be
kʰɹ̥ɯ̀e	intestine	kʰɹ̥ɯ̀e	intestine	kʰr̥ɯ̀e	large intestine	t͡ɕʰɯ̃̀ə	wing	sxɯ̃̀ə	husked rice
t͡ɕʰɯ̃̀ə	wing	kʰɹ̥ɯ̀e	intestine	t͡ɕɯ̂ə̃	mosquito	t͡sɯ̃́ə	marrow	t͡ɕʰɯ̂ə	like
sxɯ̃̀ə	husked rice	kʰɹ̥ɯ̀e	intestine	r̥ɯ̃̀ə	headlouse	t͡ɕɯ̂ə̃	mosquito	t͡sɯ̃́ə	marrow
zà	spear	kʰɹ̥ɯ̀e	intestine	kʰɹ̥ɯ̀e	intestine	kʰr̥ɯ̀e	large intestine	t͡ɕʰɯ̃̀ə	wing
pzɯ́	grandmother	t͡ɕʰɯ̃̀ə	wing	kʰɹ̥ɯ̀e	intestine	t͡ɕɯ̂ə̃	mosquito	t͡sɯ̃́ə	marrow
lɯ́	eagle	lɯ́	eagle	t͡ɕʰɯ̃̀ə	wing	kʰɹ̥ɯ̀e	intestine	t͡ɕɯ̂ə̃	mosquito
pɯ́ə	flower	pɯ́ə	flower	t͡ɕʰɯ̃̀ə	wing	kʰɹ̥ɯ̀e	intestine	t͡ɕɯ̂ə̃	mosquito
t͡ɕʰɯ̃̀ə	wing	kʰɹ̥ɯ̀e	intestine	t͡ɕɯ̂ə̃	mosquito	t͡sɯ̃́ə	marrow	t͡ɕʰɯ̂ə	like
t͡ɕʰɯ̃̀ə	wing	kʰɹ̥ɯ̀e	intestine	t͡ɕɯ̂ə̃	mosquito	t͡sɯ̃́ə	marrow	t͡ɕʰúə	sick, be
t͡ɕʰɯ̃̀ə	wing	kʰɹ̥ɯ̀e	intestine	t͡ɕɯ̂ə̃	mosquito	t͡sɯ̃́ə	marrow	t͡ɕʰɯ̂ə	like
t͡ɕʰɯ̃̀ə	wing	kʰɹ̥ɯ̀e	intestine	t͡ɕɯ̂ə̃	mosquito	t͡ɕʰúə	sick, be	t͡ɕʰûə	burning
nə̀	leaf	t͡ɕʰɯ̃̀ə	wing	kʰɹ̥ɯ̀e	intestine	t͡ɕɯ̂ə̃	mosquito	t͡sɯ̃́ə	marrow
mó	mouth	t͡ɕʰɯ̃̀ə	wing	kʰɹ̥ɯ̀e	intestine	t͡ɕɯ̂ə̃	mosquito	t͡sɯ̃́ə	marrow
kú	nine	kú	nine	t͡ɕʰɯ̃̀ə	wing	t͡ɕɯ̂ə̃	mosquito	t͡sɯ̃́ə	marrow
t͡ɕʰɯ̃̀ə	wing	kʰɹ̥ɯ̀e	intestine	t͡ɕɯ̂ə̃	mosquito	t͡ɕʰúə	sick, be	t͡ɕʰûə	burning
t͡ɕʰɯ̃̀ə	wing	kʰɹ̥ɯ̀e	intestine	t͡ɕɯ̂ə̃	mosquito	t͡sɯ̃́ə	marrow	t͡ɕʰúə	sick, be
t͡ɕʰɯ̃̀ə	wing	kʰɹ̥ɯ̀e	intestine	t͡ɕɯ̂ə̃	mosquito	t͡sɯ̃́ə	marrow	t͡ɕʰúə	sick, be
ɕxɯ̃̀ə	sharp	kʰɹ̥ɯ̀e	intestine	kʰɹ̥ɯ̀e	intestine	kʰr̥ɯ̀e	large intestine	t͡ɕʰɯ̃̀ə	wing
lũŋ	stone	lũŋ	stone	t͡ɕʰɯ̃̀ə	wing	kʰɹ̥ɯ̀e	intestine	t͡ɕɯ̂ə̃	mosquito
t͡ɕɯ̂ə̃	mosquito	t͡sɯ̃́ə	marrow	t͡ɕɯ̃́ə	moon	t͡ɕʰɯ̃̀ə	wing	sxɯ̃̀ə	husked rice
sxɯ̃̀ə	husked rice	kʰɹ̥ɯ̀e	intestine	r̥ɯ̃̀ə	headlouse	t͡ɕɯ̂ə̃	mosquito	t͡sɯ̃́ə	marrow
sxɯ̃̀ə	husked rice	kʰɹ̥ɯ̀e	intestine	r̥ɯ̃̀ə	headlouse	t͡ɕɯ̂ə̃	mosquito	t͡sɯ̃́ə	marrow
kʰɹ̥ɯ̀e	intestine	kʰɹ̥ɯ̀e	intestine	kʰr̥ɯ̀e	large intestine	t͡ɕʰɯ̃̀ə	wing	sxɯ̃̀ə	husked rice
t͡ɕʰɯ̃̀ə	wing	kʰɹ̥ɯ̀e	intestine	t͡ɕɯ̂ə̃	mosquito	t͡sɯ̃́ə	marrow	t͡ɕʰúə	sick, be
t͡ɕʰɯ̃̀ə	wing	kʰɹ̥ɯ̀e	intestine	t͡ɕɯ̂ə̃	mosquito	t͡sɯ̃́ə	marrow	t͡ɕʰɯ̂ə	like
ɕí	eight	t͡ɕʰɯ̃̀ə	wing	kʰɹ̥ɯ̀e	intestine	t͡ɕɯ̂ə̃	mosquito	t͡sɯ̃́ə	marrow
t͡sý	water	t͡sý	water	ǹ	water	t͡ɕʰɯ̃̀ə	wing	kʰɹ̥ɯ̀e	intestine
t͡ɕʰɯ̃̀ə	wing	kʰɹ̥ɯ̀e	intestine	t͡ɕɯ̂ə̃	mosquito	t͡sɯ̃́ə	marrow	t͡ɕʰúə	sick, be
kúə	mortar	sɯ́	mortar	t͡ɕʰɯ̃̀ə	wing	kʰɹ̥ɯ̀e	intestine	t͡ɕɯ̂ə̃	mosquito
kʰɹ̥ɯ̀e	intestine	kʰɹ̥ɯ̀e	intestine	kʰr̥ɯ̀e	large intestine	t͡ɕʰɯ̃̀ə	wing	sxɯ̃̀ə	husked rice
kʰɹ̥ɯ̀e	intestine	kʰɹ̥ɯ̀e	intestine	kʰr̥ɯ̀e	large intestine	t͡ɕʰɯ̃̀ə	wing	sxɯ̃̀ə	husked rice
kfɯ	hand	kfɯ	hand	t͡ɕʰɯ̃̀ə	wing	kʰɹ̥ɯ̀e	intestine	t͡ɕɯ̂ə̃	mosquito
sxɯ̃̀ə	husked rice	kʰɹ̥ɯ̀e	intestine	r̥ɯ̃̀ə	headlouse	t͡ɕɯ̂ə̃	mosquito	t͡sɯ̃́ə	marrow
xû	call	t͡ɕʰɯ̃̀ə	wing	kʰɹ̥ɯ̀e	intestine	t͡ɕɯ̂ə̃	mosquito	t͡sɯ̃́ə	marrow
t͡ɕʰɯ̃̀ə	wing	kʰɹ̥ɯ̀e	intestine	t͡ɕɯ̂ə̃	mosquito	t͡sɯ̃́ə	marrow	t͡ɕʰɯ̂ə	like
t͡ɕʰɯ̃̀ə	wing	kʰɹ̥ɯ̀e	intestine	t͡ɕɯ̂ə̃	mosquito	t͡ɕʰúə	sick, be	t͡ɕʰûə	burning
hè	six	trú	six	t͡ɕʰɯ̃̀ə	wing	kʰɹ̥ɯ̀e	intestine	t͡ɕɯ̂ə̃	mosquito
sî	body	t͡ɕʰɯ̃̀ə	wing	kʰɹ̥ɯ̀e	intestine	t͡ɕɯ̂ə̃	mosquito	t͡ɕʰúə	sick, be
t͡ɕɯ̂ə̃	mosquito	t͡sɯ̃́ə	marrow	t͡ɕɯ̃́ə	moon	t͡ɕʰɯ̃̀ə	wing	sxɯ̃̀ə	husked rice
t͡ɕʰɯ̃̀ə	wing	kʰɹ̥ɯ̀e	intestine	t͡ɕɯ̂ə̃	mosquito	t͡sɯ̃́ə	marrow	t͡ɕʰɯ̂ə	like
t͡ɕɯ̂ə̃	mosquito	t͡sɯ̃́ə	marrow	t͡ɕɯ̃́ə	moon	t͡ɕʰɯ̃̀ə	wing	sxɯ̃̀ə	husked rice
t͡ɕɯ̂ə̃	mosquito	t͡sɯ̃́ə	marrow	t͡ɕɯ̃́ə	moon	t͡ɕʰɯ̃̀ə	wing	sxɯ̃̀ə	husked rice
t͡ɕʰɯ̃̀ə	wing	kʰɹ̥ɯ̀e	intestine	t͡ɕɯ̂ə̃	mosquito	t͡sɯ̃́ə	marrow	t͡ɕʰúə	sick, be
sɯ̃̀ə	long	t͡ɕʰɯ̃̀ə	wing	kʰɹ̥ɯ̀e	intestine	t͡ɕɯ̂ə̃	mosquito	t͡ɕʰúə	sick, be
ljá	four	ljá	four	kʰɹ̥ɯ̀e	intestine	kʰɹ̥ɯ̀e	intestine	kʰr̥ɯ̀e	large intestine
t͡ɕʰɯ̃̀ə	wing	kʰɹ̥ɯ̀e	intestine	t͡ɕɯ̂ə̃	mosquito	t͡sɯ̃́ə	marrow	t͡ɕʰúə	sick, be
pzɯ́	grandmother	t͡ɕʰɯ̃̀ə	wing	kʰɹ̥ɯ̀e	intestine	t͡ɕɯ̂ə̃	mosquito	t͡sɯ̃́ə	marrow
kʰɹ̥ɯ̀e	intestine	kʰɹ̥ɯ̀e	intestine	kʰr̥ɯ̀e	large intestine	t͡ɕʰɯ̃̀ə	wing	sxɯ̃̀ə	husked rice
t͡sý	grandchild	t͡sý	grandchild	t͡ɕʰɯ̃̀ə	wing	kʰɹ̥ɯ̀e	intestine	t͡ɕɯ̂ə̃	mosquito
t͡ɕʰɯ̃̀ə	wing	kʰɹ̥ɯ̀e	intestine	t͡ɕɯ̂ə̃	mosquito	t͡sɯ̃́ə	marrow	t͡ɕʰúə	sick, be
t͡ɕʰɯ̃̀ə	wing	kʰɹ̥ɯ̀e	intestine	t͡ɕɯ̂ə̃	mosquito	t͡ɕʰúə	sick, be	t͡ɕʰûə	burning
kʰɹ̥ɯ̀e	intestine	kʰɹ̥ɯ̀e	intestine	kʰr̥ɯ̀e	large intestine	t͡ɕʰɯ̃̀ə	wing	sxɯ̃̀ə	husked rice
kù	twenty	kù	twenty	t͡ɕʰɯ̃̀ə	wing	t͡ɕɯ̂ə̃	mosquito	t͡sɯ̃́ə	marrow
prɯ̃̀ə	needle	t͡ɕʰɯ̃̀ə	wing	kʰɹ̥ɯ̀e	intestine	t͡ɕɯ̂ə̃	mosquito	t͡sɯ̃́ə	marrow
t͡ɕʰɯ̃̀ə	wing	kʰɹ̥ɯ̀e	intestine	t͡ɕɯ̂ə̃	mosquito	t͡sɯ̃́ə	marrow	t͡ɕʰúə	sick, be
t͡ɕʰɯ̃̀ə	wing	kʰɹ̥ɯ̀e	intestine	t͡ɕɯ̂ə̃	mosquito	t͡sɯ̃́ə	marrow	t͡ɕʰúə	sick, be
sɯ̂	blood	ǹ	blood	t͡ɕʰɯ̃̀ə	wing	kʰɹ̥ɯ̀e	intestine	t͡ɕɯ̂ə̃	mosquito
pû	swell	pû	swell	t͡ɕʰɯ̃̀ə	wing	kʰɹ̥ɯ̀e	intestine	t͡ɕɯ̂ə̃	mosquito
t͡ɕʰɯ̃̀ə	wing	kʰɹ̥ɯ̀e	intestine	t͡ɕɯ̂ə̃	mosquito	t͡sɯ̃́ə	marrow	t͡ɕʰúə	sick, be
zõ̀	monkey	zõ̀	monkey	t͡ɕʰɯ̃̀ə	wing	kʰɹ̥ɯ̀e	intestine	t͡ɕɯ̂ə̃	mosquito
na	stick (v.)	t͡ɕʰɯ̃̀ə	wing	kʰɹ̥ɯ̀e	intestine	t͡ɕɯ̂ə̃	mosquito	t͡sɯ̃́ə	marrow
t͡ɕʰɯ̃̀ə	wing	kʰɹ̥ɯ̀e	intestine	t͡ɕɯ̂ə̃	mosquito	t͡sɯ̃́ə	marrow	t͡ɕʰúə	sick, be
pû	crawl	t͡ɕʰɯ̃̀ə	wing	kʰɹ̥ɯ̀e	intestine	t͡ɕɯ̂ə̃	mosquito	t͡sɯ̃́ə	marrow
kxû	foot	kxû	foot	t͡ɕɯ̂ə̃	mosquito	t͡sɯ̃́ə	marrow	t͡ɕɯ̃́ə	moon
kúə	bone	rù	bone	t͡ɕʰɯ̃̀ə	wing	kʰɹ̥ɯ̀e	intestine	t͡ɕɯ̂ə̃	mosquito
t͡ɕʰɯ̃̀ə	wing	kʰɹ̥ɯ̀e	intestine	t͡ɕɯ̂ə̃	mosquito	t͡sɯ̃́ə	marrow	t͡ɕʰúə	sick, be
t͡ɕʰɯ̃̀ə	wing	kʰɹ̥ɯ̀e	intestine	t͡ɕɯ̂ə̃	mosquito	t͡sɯ̃́ə	marrow	t͡ɕʰúə	sick, be
t͡ɕʰɯ̃̀ə	wing	kʰɹ̥ɯ̀e	intestine	t͡ɕɯ̂ə̃	mosquito	t͡sɯ̃́ə	marrow	t͡ɕʰúə	sick, be
t͡ɕʰɯ̃̀ə	wing	kʰɹ̥ɯ̀e	intestine	t͡ɕɯ̂ə̃	mosquito	t͡sɯ̃́ə	marrow	t͡ɕʰúə	sick, be
t͡ɕʰɯ̃̀ə	wing	kʰɹ̥ɯ̀e	intestine	t͡ɕɯ̂ə̃	mosquito	t͡sɯ̃́ə	marrow	t͡ɕʰúə	sick, be
lũ̀	warm	t͡ɕʰɯ̃̀ə	wing	kʰɹ̥ɯ̀e	intestine	t͡ɕɯ̂ə̃	mosquito	t͡sɯ̃́ə	marrow
t͡ɕʰɯ̃̀ə	wing	kʰɹ̥ɯ̀e	intestine	t͡ɕɯ̂ə̃	mosquito	t͡sɯ̃́ə	marrow	t͡ɕʰúə	sick, be
t͡ɕɯ̂ə̃	mosquito	t͡sɯ̃́ə	marrow	t͡ɕɯ̃́ə	moon	t͡ɕʰɯ̃̀ə	wing	sxɯ̃̀ə	husked rice
kʰɹ̥ɯ̀e	intestine	kʰɹ̥ɯ̀e	intestine	kʰr̥ɯ̀e	large intestine	t͡ɕʰɯ̃̀ə	wing	sxɯ̃̀ə	husked rice
nỳ	laugh	nỳ	laugh	t͡ɕʰɯ̃̀ə	wing	kʰɹ̥ɯ̀e	intestine	t͡ɕɯ̂ə̃	mosquito
tɯ́ə	green	kʰɹ̥ɯ̀e	intestine	kʰɹ̥ɯ̀e	intestine	kʰr̥ɯ̀e	large intestine	t͡ɕʰɯ̃̀ə	wing
t͡ɕɯ̂ə̃	mosquito	t͡sɯ̃́ə	marrow	t͡ɕɯ̃́ə	moon	t͡ɕʰɯ̃̀ə	wing	sxɯ̃̀ə	husked rice
kʰɹ̥ɯ̀e	intestine	kʰɹ̥ɯ̀e	intestine	kʰr̥ɯ̀e	large intestine	t͡ɕʰɯ̃̀ə	wing	sxɯ̃̀ə	husked rice
t͡ɕʰɯ̃̀ə	wing	kʰɹ̥ɯ̀e	intestine	t͡ɕɯ̂ə̃	mosquito	t͡sɯ̃́ə	marrow	t͡ɕʰúə	sick, be
t͡ɕʰɯ̃̀ə	wing	kʰɹ̥ɯ̀e	intestine	t͡ɕɯ̂ə̃	mosquito	t͡sɯ̃́ə	marrow	t͡ɕʰúə	sick, be
t͡ɕʰɯ̃̀ə	wing	kʰɹ̥ɯ̀e	intestine	t͡ɕɯ̂ə̃	mosquito	t͡sɯ̃́ə	marrow	t͡ɕʰúə	sick, be
kʰɹ̥ɯ̀e	intestine	kʰɹ̥ɯ̀e	intestine	kʰr̥ɯ̀e	large intestine	t͡ɕʰɯ̃̀ə	wing	sxɯ̃̀ə	husked rice
t͡ɕʰɯ̃̀ə	wing	kʰɹ̥ɯ̀e	intestine	t͡ɕɯ̂ə̃	mosquito	t͡sɯ̃́ə	marrow	t͡ɕʰúə	sick, be
dû	brain	dû	brain	kʰɹ̥ɯ̀e	intestine	kʰɹ̥ɯ̀e	intestine	kʰr̥ɯ̀e	large intestine
ŋî	fish	t͡ɕɯ̂ə̃	mosquito	t͡sɯ̃́ə	marrow	t͡ɕɯ̃́ə	moon	t͡ɕʰɯ̃̀ə	wing
tʰùə	new	sxɯ̃̀ə	husked rice	kʰɹ̥ɯ̀e	intestine	r̥ɯ̃̀ə	headlouse	t͡ɕɯ̂ə̃	mosquito
t͡ɕʰɯ̃̀ə	wing	kʰɹ̥ɯ̀e	intestine	t͡ɕɯ̂ə̃	mosquito	t͡sɯ̃́ə	marrow	t͡ɕʰúə	sick, be
t͡ɕʰɯ̃̀ə	wing	kʰɹ̥ɯ̀e	intestine	t͡ɕɯ̂ə̃	mosquito	t͡sɯ̃́ə	marrow	t͡ɕʰúə	sick, be
t͡ɕʰɯ̃̀ə	wing	kʰɹ̥ɯ̀e	intestine	t͡ɕɯ̂ə̃	mosquito	t͡sɯ̃́ə	marrow	t͡ɕʰúə	sick, be
hê	leech	hê	leech	hê	leech	t͡ɕʰɯ̃̀ə	wing	kʰɹ̥ɯ̀e	intestine
lú	buy	t͡ɕʰɯ̃̀ə	wing	kʰɹ̥ɯ̀e	intestine	t͡ɕɯ̂ə̃	mosquito	t͡sɯ̃́ə	marrow
t͡ɕʰɯ̃̀ə	wing	kʰɹ̥ɯ̀e	intestine	t͡ɕɯ̂ə̃	mosquito	t͡sɯ̃́ə	marrow	t͡ɕʰúə	sick, be
t͡ɕʰɯ̃̀ə	wing	kʰɹ̥ɯ̀e	intestine	t͡ɕɯ̂ə̃	mosquito	t͡sɯ̃́ə	marrow	t͡ɕʰúə	sick, be
t͡ɕʰɯ̃̀ə	wing	kʰɹ̥ɯ̀e	intestine	t͡ɕɯ̂ə̃	mosquito	t͡sɯ̃́ə	marrow	t͡ɕʰúə	sick, be
t͡ɕʰɯ̃̀ə	wing	kʰɹ̥ɯ̀e	intestine	t͡ɕɯ̂ə̃	mosquito	t͡sɯ̃́ə	marrow	t͡ɕʰúə	sick, be
sxɯ̃̀ə	husked rice	kʰɹ̥ɯ̀e	intestine	r̥ɯ̃̀ə	headlouse	t͡ɕɯ̂ə̃	mosquito	t͡sɯ̃́ə	marrow
t͡ɕʰɯ̃̀ə	wing	kʰɹ̥ɯ̀e	intestine	t͡ɕɯ̂ə̃	mosquito	t͡sɯ̃́ə	marrow	t͡ɕʰúə	sick, be
kʰɹ̥ɯ̀e	intestine	kʰɹ̥ɯ̀e	intestine	kʰr̥ɯ̀e	large intestine	t͡ɕʰɯ̃̀ə	wing	sxɯ̃̀ə	husked rice
t͡ɕʰɯ̃̀ə	wing	kʰɹ̥ɯ̀e	intestine	t͡ɕɯ̂ə̃	mosquito	t͡sɯ̃́ə	marrow	t͡ɕʰúə	sick, be
t͡ɕʰɯ̃̀ə	wing	kʰɹ̥ɯ̀e	intestine	t͡ɕɯ̂ə̃	mosquito	t͡sɯ̃́ə	marrow	t͡ɕʰúə	sick, be
t͡ɕʰɯ̃̀ə	wing	kʰɹ̥ɯ̀e	intestine	t͡ɕɯ̂ə̃	mosquito	t͡sɯ̃́ə	marrow	t͡ɕʰúə	sick, be
t͡ɕʰɯ̃̀ə	wing	kʰɹ̥ɯ̀e	intestine	t͡ɕɯ̂ə̃	mosquito	t͡sɯ̃́ə	marrow	t͡ɕʰúə	sick, be
t͡ɕʰɯ̃̀ə	wing	kʰɹ̥ɯ̀e	intestine	t͡ɕɯ̂ə̃	mosquito	t͡sɯ̃́ə	marrow	t͡ɕʰúə	sick, be
t͡ɕʰɯ̃̀ə	wing	kʰɹ̥ɯ̀e	intestine	t͡ɕɯ̂ə̃	mosquito	t͡sɯ̃́ə	marrow	t͡ɕʰúə	sick, be
t͡ɕʰɯ̃̀ə	wing	kʰɹ̥ɯ̀e	intestine	t͡ɕɯ̂ə̃	mosquito	t͡sɯ̃́ə	marrow	t͡ɕʰúə	sick, be
kʰɹ̥ɯ̀e	intestine	kʰɹ̥ɯ̀e	intestine	kʰr̥ɯ̀e	large intestine	t͡ɕʰɯ̃̀ə	wing	sxɯ̃̀ə	husked rice
mâ	tail	t͡ɕʰɯ̃̀ə	wing	kʰɹ̥ɯ̀e	intestine	t͡ɕɯ̂ə̃	mosquito	t͡sɯ̃́ə	marrow
kʰɹ̥ɯ̀e	intestine	kʰɹ̥ɯ̀e	intestine	kʰr̥ɯ̀e	large intestine	t͡ɕʰɯ̃̀ə	wing	sxɯ̃̀ə	husked rice
t͡sʰɯ̂	liver	sxɯ̃̀ə	husked rice	kʰɹ̥ɯ̀e	intestine	r̥ɯ̃̀ə	headlouse	t͡ɕɯ̂ə̃	mosquito
kɕìe	knife	t͡ɕɯ̂ə̃	mosquito	t͡sɯ̃́ə	marrow	t͡ɕɯ̃́ə	moon	t͡ɕʰɯ̃̀ə	wing
t͡ɕʰɯ̃̀ə	wing	kʰɹ̥ɯ̀e	intestine	t͡ɕɯ̂ə̃	mosquito	t͡sɯ̃́ə	marrow	t͡ɕʰúə	sick, be
kxɯ̂	grasshopper	kxɯ̂	grasshopper	kxɯ̂	grasshopper	t͡ɕɯ̂ə̃	mosquito	t͡sɯ̃́ə	marrow
t͡ɕʰɯ̃̀ə	wing	kʰɹ̥ɯ̀e	intestine	t͡ɕɯ̂ə̃	mosquito	t͡sɯ̃́ə	marrow	t͡ɕʰúə	sick, be
nỳ	laugh	nỳ	laugh	t͡ɕʰúə	sick, be	t͡ɕʰûə	burning	t͡ɕʰûə	burning
ɕí	thick	t͡ɕʰɯ̃̀ə	wing	kʰɹ̥ɯ̀e	intestine	t͡ɕɯ̂ə̃	mosquito	t͡sɯ̃́ə	marrow
t͡ɕʰɯ̃̀ə	wing	kʰɹ̥ɯ̀e	intestine	t͡ɕɯ̂ə̃	mosquito	t͡sɯ̃́ə	marrow	t͡ɕʰúə	sick, be
ŋõ̀	bear	ŋõ̀	bear	t͡ɕʰɯ̃̀ə	wing	kʰɹ̥ɯ̀e	intestine	t͡ɕɯ̂ə̃	mosquito
t͡sɯ̂	bile	sxɯ̃̀ə	husked rice	kʰɹ̥ɯ̀e	intestine	r̥ɯ̃̀ə	headlouse	t͡ɕɯ̂ə̃	mosquito
nî	ear	t͡ɕʰɯ̃̀ə	wing	kʰɹ̥ɯ̀e	intestine	t͡ɕɯ̂ə̃	mosquito	t͡sɯ̃́ə	marrow
t͡ɕʰɯ̃̀ə	wing	kʰɹ̥ɯ̀e	intestine	t͡ɕɯ̂ə̃	mosquito	t͡sɯ̃́ə	marrow	t͡ɕʰɯ̂ə	like
t͡sỳ	egg	t͡sỳ	egg	t͡ɕʰɯ̃̀ə	wing	kʰɹ̥ɯ̀e	intestine	t͡ɕɯ̂ə̃	mosquito
t͡ɕî	necklace	t͡ɕʰɯ̃̀ə	wing	kʰɹ̥ɯ̀e	intestine	t͡ɕɯ̂ə̃	mosquito	t͡sɯ̃́ə	marrow
t͡ɕʰɯ̃̀ə	wing	kʰɹ̥ɯ̀e	intestine	t͡ɕɯ̂ə̃	mosquito	t͡sɯ̃́ə	marrow	t͡ɕʰúə	sick, be
t͡ɕʰùə	dig	t͡ɕʰɯ̃̀ə	wing	kʰɹ̥ɯ̀e	intestine	t͡ɕɯ̂ə̃	mosquito	t͡sɯ̃́ə	marrow
pv	father-in-law	t͡ɕʰɯ̃̀ə	wing	kʰɹ̥ɯ̀e	intestine	t͡ɕɯ̂ə̃	mosquito	t͡sɯ̃́ə	marrow
zɯ́	black	zɯ́	black	kʰɹ̥ɯ̀e	intestine	kʰɹ̥ɯ̀e	intestine	kʰr̥ɯ̀e	large intestine
t͡ɕɯ̂ə̃	mosquito	t͡sɯ̃́ə	marrow	t͡ɕɯ̃́ə	moon	t͡ɕʰɯ̃̀ə	wing	sxɯ̃̀ə	husked rice
ka	kidney	ká	kidney	ka	kidney	t͡ɕʰɯ̃̀ə	wing	t͡ɕɯ̂ə̃	mosquito
t͡ɕʰɯ̃̀ə	wing	kʰɹ̥ɯ̀e	intestine	t͡ɕɯ̂ə̃	mosquito	t͡sɯ̃́ə	marrow	t͡ɕʰúə	sick, be
t͡ɕʰɯ̃̀ə	wing	t͡ɕɯ̂ə̃	mosquito	t͡sɯ̃́ə	marrow	t͡ɕʰúə	sick, be	t͡ɕʰûə	burning
t͡ɕɯ̂ə̃	mosquito	t͡sɯ̃́ə	marrow	t͡ɕɯ̃́ə	moon	t͡ɕʰɯ̃̀ə	wing	sxɯ̃̀ə	husked rice
t͡ɕʰɯ̃̀ə	wing	kʰɹ̥ɯ̀e	intestine	t͡ɕɯ̂ə̃	mosquito	t͡sɯ̃́ə	marrow	t͡ɕʰúə	sick, be
t͡ɕʰɯ̃̀ə	wing	kʰɹ̥ɯ̀e	intestine	t͡ɕɯ̂ə̃	mosquito	t͡sɯ̃́ə	marrow	t͡ɕʰúə	sick, be
sú	scoop out	sú	scoop out	t͡ɕʰɯ̃̀ə	wing	kʰɹ̥ɯ̀e	intestine	t͡ɕɯ̂ə̃	mosquito
t͡ɕʰɯ̃̀ə	wing	kʰɹ̥ɯ̀e	intestine	t͡ɕɯ̂ə̃	mosquito	t͡sɯ̃́ə	marrow	t͡ɕʰɯ̂ə	like
pv	father-in-law	t͡ɕʰɯ̃̀ə	wing	kʰɹ̥ɯ̀e	intestine	t͡ɕɯ̂ə̃	mosquito	t͡sɯ̃́ə	marrow
t͡ɕʰɯ̃̀ə	wing	kʰɹ̥ɯ̀e	intestine	t͡ɕɯ̂ə̃	mosquito	t͡sɯ̃́ə	marrow	t͡ɕʰúə	sick, be
kʰɹ̥ɯ̀e	intestine	kʰɹ̥ɯ̀e	intestine	kʰr̥ɯ̀e	large intestine	t͡ɕʰɯ̃̀ə	wing	sxɯ̃̀ə	husked rice
t͡ɕʰɯ̃̀ə	wing	kʰɹ̥ɯ̀e	intestine	t͡ɕɯ̂ə̃	mosquito	t͡sɯ̃́ə	marrow	t͡ɕʰúə	sick, be
t͡ɕʰɯ̃̀ə	wing	kʰɹ̥ɯ̀e	intestine	t͡ɕɯ̂ə̃	mosquito	t͡sɯ̃́ə	marrow	t͡ɕʰúə	sick, be
t͡ɕʰɯ̃̀ə	wing	kʰɹ̥ɯ̀e	intestine	t͡ɕɯ̂ə̃	mosquito	t͡sɯ̃́ə	marrow	t͡ɕʰɯ̂ə	like
sxɯ̃̀ə	husked rice	kʰɹ̥ɯ̀e	intestine	r̥ɯ̃̀ə	headlouse	t͡ɕɯ̂ə̃	mosquito	t͡sɯ̃́ə	marrow
t͡sý	grandchild	t͡sý	grandchild	t͡ɕʰɯ̃̀ə	wing	kʰɹ̥ɯ̀e	intestine	t͡ɕɯ̂ə̃	mosquito
kxùə	dirty	t͡ɕɯ̂ə̃	mosquito	t͡sɯ̃́ə	marrow	t͡ɕɯ̃́ə	moon	t͡ɕʰɯ̃̀ə	wing
pû	belly	pû	belly	t͡ɕʰɯ̃̀ə	wing	kʰɹ̥ɯ̀e	intestine	t͡ɕɯ̂ə̃	mosquito
t͡ɕʰɯ̃̀ə	wing	kʰɹ̥ɯ̀e	intestine	t͡ɕɯ̂ə̃	mosquito	t͡sɯ̃́ə	marrow	t͡ɕʰúə	sick, be
r̥ɯ́	heavy	r̥ɯ́	heavy	t͡ɕʰɯ̃̀ə	wing	kʰɹ̥ɯ̀e	intestine	t͡ɕɯ̂ə̃	mosquito
sɯ̃̂ə	house	t͡ɕʰɯ̃̀ə	wing	kʰɹ̥ɯ̀e	intestine	t͡ɕɯ̂ə̃	mosquito	t͡sɯ̃́ə	marrow
t͡ɕʰɯ̃̀ə	wing	kʰɹ̥ɯ̀e	intestine	t͡ɕɯ̂ə̃	mosquito	t͡sɯ̃́ə	marrow	t͡ɕʰúə	sick, be
li	tongue	t͡ɕʰɯ̃̀ə	wing	kʰɹ̥ɯ̀e	intestine	t͡ɕɯ̂ə̃	mosquito	t͡sɯ̃́ə	marrow
sxɯ̃̀ə	husked rice	kʰɹ̥ɯ̀e	intestine	r̥ɯ̃̀ə	headlouse	t͡ɕɯ̂ə̃	mosquito	t͡sɯ̃́ə	marrow
tʰɯ̃̀ə	clean	sxɯ̃̀ə	husked rice	kʰɹ̥ɯ̀e	intestine	r̥ɯ̃̀ə	headlouse	t͡ɕɯ̂ə̃	mosquito
t͡ɕʰɯ̃̀ə	wing	kʰɹ̥ɯ̀e	intestine	t͡ɕɯ̂ə̃	mosquito	t͡sɯ̃́ə	marrow	t͡ɕʰúə	sick, be
t͡ɕʰɯ̃̀ə	wing	kʰɹ̥ɯ̀e	intestine	t͡ɕɯ̂ə̃	mosquito	t͡sɯ̃́ə	marrow	t͡ɕʰúə	sick, be
kù	scratch	t͡ɕʰɯ̃̀ə	wing	t͡ɕɯ̂ə̃	mosquito	t͡sɯ̃́ə	marrow	t͡ɕʰúə	sick, be
mɯ̀	person	t͡ɕʰɯ̃̀ə	wing	kʰɹ̥ɯ̀e	intestine	t͡ɕɯ̂ə̃	mosquito	t͡sɯ̃́ə	marrow
t͡ɕʰɯ̃̀ə	wing	kʰɹ̥ɯ̀e	intestine	t͡ɕɯ̂ə̃	mosquito	t͡sɯ̃́ə	marrow	t͡ɕʰɯ̂ə	like
txṍ	three	txṍ	three	sxɯ̃̀ə	husked rice	kʰɹ̥ɯ̀e	intestine	r̥ɯ̃̀ə	headlouse
t͡ɕɯ̂ə̃	mosquito	t͡sɯ̃́ə	marrow	t͡ɕɯ̃́ə	moon	t͡ɕʰɯ̃̀ə	wing	sxɯ̃̀ə	husked rice
t͡ɕʰɯ̃̀ə	wing	kʰɹ̥ɯ̀e	intestine	t͡ɕɯ̂ə̃	mosquito	t͡sɯ̃́ə	marrow	t͡ɕʰúə	sick, be
tχɯ̃́ə	dry	tχɯ̃́ə	dry	sxɯ̃̀ə	husked rice	kʰɹ̥ɯ̀e	intestine	r̥ɯ̃̀ə	headlouse
pû	belly	pû	belly	t͡ɕʰɯ̃̀ə	wing	kʰɹ̥ɯ̀e	intestine	t͡ɕɯ̂ə̃	mosquito
ɹɯ́	snake	ɹɯ́	snake	ɹɯ́	snake	t͡ɕʰɯ̃̀ə	wing	kʰɹ̥ɯ̀e	intestine
t͡ɕʰɯ̃̀ə	wing	kʰɹ̥ɯ̀e	intestine	t͡ɕɯ̂ə̃	mosquito	t͡sɯ̃́ə	marrow	t͡ɕʰúə	sick, be
t͡ɕʰɯ̃̀ə	wing	kʰɹ̥ɯ̀e	intestine	t͡ɕɯ̂ə̃	mosquito	t͡ɕʰúə	sick, be	t͡ɕʰûə	burning
t͡ɕʰɯ̃̀ə	wing	kʰɹ̥ɯ̀e	intestine	t͡ɕɯ̂ə̃	mosquito	t͡sɯ̃́ə	marrow	t͡ɕʰúə	sick, be
luə	field	t͡ɕʰɯ̃̀ə	wing	kʰɹ̥ɯ̀e	intestine	t͡ɕɯ̂ə̃	mosquito	t͡sɯ̃́ə	marrow
ka	kidney	ká	kidney	ka	kidney	t͡ɕʰɯ̃̀ə	wing	t͡ɕɯ̂ə̃	mosquito
t͡ɕʰɯ̃̀ə	wing	kʰɹ̥ɯ̀e	intestine	t͡ɕɯ̂ə̃	mosquito	t͡sɯ̃́ə	marrow	t͡ɕʰúə	sick, be
t͡ɕʰɯ̃̀ə	wing	kʰɹ̥ɯ̀e	intestine	t͡ɕɯ̂ə̃	mosquito	t͡sɯ̃́ə	marrow	t͡ɕʰúə	sick, be
t͡ɕʰɯ̃̀ə	wing	kʰɹ̥ɯ̀e	intestine	t͡ɕɯ̂ə̃	mosquito	t͡sɯ̃́ə	marrow	t͡ɕʰúə	sick, be
t͡ɕʰɯ̃̀ə	wing	kʰɹ̥ɯ̀e	intestine	t͡ɕɯ̂ə̃	mosquito	t͡sɯ̃́ə	marrow	t͡ɕʰúə	sick, be
kʰɹ̥ɯ̀e	intestine	kʰɹ̥ɯ̀e	intestine	kʰr̥ɯ̀e	large intestine	t͡ɕʰɯ̃̀ə	wing	sxɯ̃̀ə	husked rice
sî	body	t͡ɕʰɯ̃̀ə	wing	kʰɹ̥ɯ̀e	intestine	t͡ɕɯ̂ə̃	mosquito	t͡ɕʰúə	sick, be
sxɯ̃̀ə	husked rice	kʰɹ̥ɯ̀e	intestine	r̥ɯ̃̀ə	headlouse	t͡ɕɯ̂ə̃	mosquito	t͡sɯ̃́ə	marrow
t͡ɕʰɯ̃̀ə	wing	kʰɹ̥ɯ̀e	intestine	t͡ɕɯ̂ə̃	mosquito	t͡sɯ̃́ə	marrow	t͡ɕʰɯ̂ə	like
t͡ɕʰúə	sick, be	t͡ɕʰûə	burning	t͡ɕʰûə	burning	t͡ɕʰùə	dig	t͡ɕʰɯ̃̀ə	wing
kʰí	bitter	kʰí	bitter	kʰí	bitter	t͡ɕɯ̂ə̃	mosquito	t͡sɯ̃́ə	marrow
t͡ɕʰɯ̃̀ə	wing	kʰɹ̥ɯ̀e	intestine	t͡ɕɯ̂ə̃	mosquito	t͡sɯ̃́ə	marrow	t͡ɕʰɯ̂ə	like
t͡ɕʰɯ̃̀ə	wing	kʰɹ̥ɯ̀e	intestine	t͡ɕɯ̂ə̃	mosquito	t͡sɯ̃́ə	marrow	t͡ɕʰɯ̂ə	like
t͡ɕʰɯ̃̀ə	wing	kʰɹ̥ɯ̀e	intestine	t͡ɕɯ̂ə̃	mosquito	t͡sɯ̃́ə	marrow	t͡ɕʰúə	sick, be
kɕíe	crab	t͡ɕɯ̂ə̃	mosquito	t͡sɯ̃́ə	marrow	t͡ɕɯ̃́ə	moon	t͡ɕʰɯ̃̀ə	wing
ɬî	shadow	t͡ɕʰɯ̃̀ə	wing	kʰɹ̥ɯ̀e	intestine	t͡ɕɯ̂ə̃	mosquito	t͡sɯ̃́ə	marrow
sxɯ̃̀ə	husked rice	kʰɹ̥ɯ̀e	intestine	r̥ɯ̃̀ə	headlouse	t͡ɕɯ̂ə̃	mosquito	t͡sɯ̃́ə	marrow
kũ̀	year	t͡ɕʰɯ̃̀ə	wing	t͡ɕɯ̂ə̃	mosquito	t͡sɯ̃́ə	marrow	t͡ɕʰɯ̂ə	like
kʰõ	neck	t͡ɕɯ̂ə̃	mosquito	t͡sɯ̃́ə	marrow	t͡ɕɯ̃́ə	moon	t͡ɕʰɯ̃̀ə	wing
pv	father-in-law	t͡ɕʰɯ̃̀ə	wing	kʰɹ̥ɯ̀e	intestine	t͡ɕɯ̂ə̃	mosquito	t͡sɯ̃́ə	marrow
kʰɹ̥ɯ̀e	intestine	kʰɹ̥ɯ̀e	intestine	kʰr̥ɯ̀e	large intestine	t͡ɕʰɯ̃̀ə	wing	sxɯ̃̀ə	husked rice
kûe	horse	kûe	horse	kûe	horse	t͡ɕʰɯ̃̀ə	wing	t͡ɕɯ̂ə̃	mosquito
mi	wound	t͡ɕʰɯ̃̀ə	wing	kʰɹ̥ɯ̀e	intestine	t͡ɕɯ̂ə̃	mosquito	t͡sɯ̃́ə	marrow
ŋî	fish	t͡ɕɯ̂ə̃	mosquito	t͡sɯ̃́ə	marrow	t͡ɕɯ̃́ə	moon	t͡ɕʰɯ̃̀ə	wing
t͡ɕʰɯ̃̀ə	wing	kʰɹ̥ɯ̀e	intestine	t͡ɕɯ̂ə̃	mosquito	t͡sɯ̃́ə	marrow	t͡ɕʰɯ̂ə	like
sxɯ̃̀ə	husked rice	kʰɹ̥ɯ̀e	intestine	r̥ɯ̃̀ə	headlouse	t͡ɕɯ̂ə̃	mosquito	t͡sɯ̃́ə	marrow
r̥ɯ́	heavy	r̥ɯ́	heavy	t͡ɕʰɯ̃̀ə	wing	kʰɹ̥ɯ̀e	intestine	t͡ɕɯ̂ə̃	mosquito
kʰɹ̥ɯ̀e	intestine	kʰɹ̥ɯ̀e	intestine	kʰr̥ɯ̀e	large intestine	t͡ɕʰɯ̃̀ə	wing	sxɯ̃̀ə	husked rice
t͡ɕʰɯ̃̀ə	wing	kʰɹ̥ɯ̀e	intestine	t͡ɕɯ̂ə̃	mosquito	t͡sɯ̃́ə	marrow	t͡ɕʰúə	sick, be
tõ̂	weave	tõ̂	weave	tõ̂	weave	tó	weave	tó	weave
sɯ̀	dove	sɯ̀	dove	t͡ɕʰɯ̃̀ə	wing	kʰɹ̥ɯ̀e	intestine	t͡ɕɯ̂ə̃	mosquito
t͡ɕʰɯ̃̀ə	wing	kʰɹ̥ɯ̀e	intestine	t͡ɕɯ̂ə̃	mosquito	t͡sɯ̃́ə	marrow	t͡ɕʰúə	sick, be
lũŋ	stone	lũŋ	stone	t͡ɕʰɯ̃̀ə	wing	kʰɹ̥ɯ̀e	intestine	t͡ɕɯ̂ə̃	mosquito
t͡ɕʰɯ̃̀ə	wing	kʰɹ̥ɯ̀e	intestine	t͡ɕɯ̂ə̃	mosquito	t͡sɯ̃́ə	marrow	t͡ɕʰúə	sick, be
kʰɹ̥ɯ̀e	intestine	kʰɹ̥ɯ̀e	intestine	kʰr̥ɯ̀e	large intestine	t͡ɕʰɯ̃̀ə	wing	sxɯ̃̀ə	husked rice
pʰè	soft	t͡ɕʰɯ̃̀ə	wing	kʰɹ̥ɯ̀e	intestine	t͡ɕɯ̂ə̃	mosquito	t͡sɯ̃́ə	marrow
kʰl̥â	squirrel	kʰl̥â	squirrel	t͡ɕʰɯ̃̀ə	wing	kʰɹ̥ɯ̀e	intestine	t͡ɕɯ̂ə̃	mosquito
t͡ɕʰɯ̃̀ə	wing	kʰɹ̥ɯ̀e	intestine	t͡ɕɯ̂ə̃	mosquito	t͡sɯ̃́ə	marrow	t͡ɕʰɯ̂ə	like
t͡ɕʰɯ̃̀ə	wing	kʰɹ̥ɯ̀e	intestine	t͡ɕɯ̂ə̃	mosquito	t͡sɯ̃́ə	marrow	t͡ɕʰúə	sick, be
t͡ɕʰɯ̃̀ə	wing	kʰɹ̥ɯ̀e	intestine	t͡ɕɯ̂ə̃	mosquito	t͡sɯ̃́ə	marrow	t͡ɕʰɯ̂ə	like
t͡ɕʰɯ̃̀ə	wing	kʰɹ̥ɯ̀e	intestine	t͡ɕɯ̂ə̃	mosquito	t͡sɯ̃́ə	marrow	t͡ɕʰúə	sick, be
sŷ	exchange	sxɯ̃̀ə	husked rice	kʰɹ̥ɯ̀e	intestine	r̥ɯ̃̀ə	headlouse	t͡ɕɯ̂ə̃	mosquito
t͡ɕʰɯ̃̀ə	wing	kʰɹ̥ɯ̀e	intestine	t͡ɕɯ̂ə̃	mosquito	t͡sɯ̃́ə	marrow	t͡ɕʰúə	sick, be
tχɯ̃́ə	dry	tχɯ̃́ə	dry	sxɯ̃̀ə	husked rice	kʰɹ̥ɯ̀e	intestine	r̥ɯ̃̀ə	headlouse
ŋì	five	ŋì	five	t͡ɕʰɯ̃̀ə	wing	kʰɹ̥ɯ̀e	intestine	t͡ɕɯ̂ə̃	mosquito
t͡ɕʰɯ̃̀ə	wing	kʰɹ̥ɯ̀e	intestine	t͡ɕɯ̂ə̃	mosquito	t͡sɯ̃́ə	marrow	t͡ɕʰúə	sick, be
t͡ɕʰɯ̃̀ə	wing	kʰɹ̥ɯ̀e	intestine	t͡ɕɯ̂ə̃	mosquito	t͡ɕʰúə	sick, be	t͡ɕʰûə	burning
kûə	head	t͡ɕʰɯ̃̀ə	wing	t͡ɕɯ̂ə̃	mosquito	t͡sɯ̃́ə	marrow	t͡ɕʰɯ̂ə	like
t͡ɕʰɯ̃̀ə	wing	kʰɹ̥ɯ̀e	intestine	t͡ɕɯ̂ə̃	mosquito	t͡sɯ̃́ə	marrow	t͡ɕʰúə	sick, be
t͡ɕʰɯ̃̀ə	wing	kʰɹ̥ɯ̀e	intestine	t͡ɕɯ̂ə̃	mosquito	t͡sɯ̃́ə	marrow	t͡ɕʰɯ̂ə	like
t͡ɕʰɯ̃̀ə	wing	kʰɹ̥ɯ̀e	intestine	t͡ɕɯ̂ə̃	mosquito	t͡sɯ̃́ə	marrow	t͡ɕʰúə	sick, be
t͡ɕʰɯ̃̀ə	wing	kʰɹ̥ɯ̀e	intestine	t͡ɕɯ̂ə̃	mosquito	t͡sɯ̃́ə	marrow	t͡ɕʰɯ̂ə	like
sɯ̂	blood	ǹ	blood	t͡ɕʰɯ̃̀ə	wing	kʰɹ̥ɯ̀e	intestine	t͡ɕɯ̂ə̃	mosquito
t͡ɕʰɯ̃̀ə	wing	kʰɹ̥ɯ̀e	intestine	t͡ɕɯ̂ə̃	mosquito	t͡sɯ̃́ə	marrow	t͡ɕʰúə	sick, be
tχâ	fruit	sxɯ̃̀ə	husked rice	kʰɹ̥ɯ̀e	intestine	r̥ɯ̃̀ə	headlouse	t͡ɕɯ̂ə̃	mosquito
t͡ɕʰɯ̃̀ə	wing	kʰɹ̥ɯ̀e	intestine	t͡ɕɯ̂ə̃	mosquito	t͡sɯ̃́ə	marrow	t͡ɕʰúə	sick, be
kʰɹ̥ɯ̀e	intestine	kʰɹ̥ɯ̀e	intestine	kʰr̥ɯ̀e	large intestine	t͡ɕʰɯ̃̀ə	wing	sxɯ̃̀ə	husked rice
sxɯ̃̀ə	husked rice	kʰɹ̥ɯ̀e	intestine	r̥ɯ̃̀ə	headlouse	t͡ɕɯ̂ə̃	mosquito	t͡sɯ̃́ə	marrow
t͡ɕʰɯ̃̀ə	wing	t͡ɕɯ̂ə̃	mosquito	t͡sɯ̃́ə	marrow	t͡ɕʰúə	sick, be	t͡ɕʰûə	burning
t͡ɕʰɯ̃̀ə	wing	kʰɹ̥ɯ̀e	intestine	t͡ɕɯ̂ə̃	mosquito	t͡sɯ̃́ə	marrow	t͡ɕʰúə	sick, be
pzɯ́	grandmother	t͡ɕʰɯ̃̀ə	wing	kʰɹ̥ɯ̀e	intestine	t͡ɕɯ̂ə̃	mosquito	t͡sɯ̃́ə	marrow
t͡ɕʰɯ̃̀ə	wing	kʰɹ̥ɯ̀e	intestine	t͡ɕɯ̂ə̃	mosquito	t͡ɕʰúə	sick, be	t͡ɕʰûə	burning
mý	cloud	t͡ɕʰɯ̃̀ə	wing	kʰɹ̥ɯ̀e	intestine	t͡ɕɯ̂ə̃	mosquito	t͡sɯ̃́ə	marrow
t͡ɕʰɯ̃̀ə	wing	kʰɹ̥ɯ̀e	intestine	t͡ɕɯ̂ə̃	mosquito	t͡sɯ̃́ə	marrow	t͡ɕʰúə	sick, be
ljá	four	ljá	four	kʰɹ̥ɯ̀e	intestine	kʰɹ̥ɯ̀e	intestine	kʰr̥ɯ̀e	large intestine
t͡ɕʰɯ̃̀ə	wing	kʰɹ̥ɯ̀e	intestine	t͡ɕɯ̂ə̃	mosquito	t͡sɯ̃́ə	marrow	t͡ɕʰúə	sick, be
zɯ́	wet	t͡ɕʰɯ̃̀ə	wing	kʰɹ̥ɯ̀e	intestine	t͡ɕɯ̂ə̃	mosquito	t͡sɯ̃́ə	marrow
nə̀	nose	t͡ɕʰɯ̃̀ə	wing	kʰɹ̥ɯ̀e	intestine	t͡ɕɯ̂ə̃	mosquito	t͡sɯ̃́ə	marrow
t͡ɕʰɯ̃̀ə	wing	kʰɹ̥ɯ̀e	intestine	t͡ɕɯ̂ə̃	mosquito	t͡sɯ̃́ə	marrow	t͡ɕʰúə	sick, be
kɯ̂ə	shoot	kɯ̂ə	shoot	t͡ɕʰɯ̃̀ə	wing	t͡ɕɯ̂ə̃	mosquito	t͡sɯ̃́ə	marrow
tõ̂	weave	tõ̂	weave	tõ̂	weave	tó	weave	tó	weave
t͡ɕʰɯ̃̀ə	wing	kʰɹ̥ɯ̀e	intestine	t͡ɕɯ̂ə̃	mosquito	t͡sɯ̃́ə	marrow	t͡ɕʰúə	sick, be
t͡ɕʰɯ̃̀ə	wing	kʰɹ̥ɯ̀e	intestine	t͡ɕɯ̂ə̃	mosquito	t͡sɯ̃́ə	marrow	t͡ɕʰúə	sick, be
t͡ɕɯ̂ə̃	mosquito	t͡sɯ̃́ə	marrow	t͡ɕɯ̃́ə	moon	t͡ɕʰɯ̃̀ə	wing	sxɯ̃̀ə	husked rice
t͡ɕʰɯ̃̀ə	wing	kʰɹ̥ɯ̀e	intestine	t͡ɕɯ̂ə̃	mosquito	t͡sɯ̃́ə	marrow	t͡ɕʰúə	sick, be
t͡ɕʰɯ̃̀ə	wing	kʰɹ̥ɯ̀e	intestine	t͡ɕɯ̂ə̃	mosquito	t͡sɯ̃́ə	marrow	t͡ɕʰúə	sick, be
sxɯ̃̀ə	husked rice	kʰɹ̥ɯ̀e	intestine	r̥ɯ̃̀ə	headlouse	t͡ɕɯ̂ə̃	mosquito	t͡sɯ̃́ə	marrow
kúə	mortar	sɯ́	mortar	t͡ɕʰɯ̃̀ə	wing	kʰɹ̥ɯ̀e	intestine	t͡ɕɯ̂ə̃	mosquito
t͡sý	water	t͡sý	water	ǹ	water	t͡ɕʰɯ̃̀ə	wing	kʰɹ̥ɯ̀e	intestine
t͡ɕʰɯ̃̀ə	wing	kʰɹ̥ɯ̀e	intestine	t͡ɕɯ̂ə̃	mosquito	t͡sɯ̃́ə	marrow	t͡ɕʰúə	sick, be
t͡ɕʰɯ̃̀ə	wing	kʰɹ̥ɯ̀e	intestine	t͡ɕɯ̂ə̃	mosquito	t͡sɯ̃́ə	marrow	t͡ɕʰúə	sick, be
kúə	bone	rù	bone	t͡ɕʰɯ̃̀ə	wing	kʰɹ̥ɯ̀e	intestine	t͡ɕɯ̂ə̃	mosquito
kʰâ	breath	t͡ɕɯ̂ə̃	mosquito	t͡sɯ̃́ə	marrow	t͡ɕɯ̃́ə	moon	t͡ɕʰɯ̃̀ə	wing
t͡ɕʰɯ̃̀ə	wing	kʰɹ̥ɯ̀e	intestine	t͡ɕɯ̂ə̃	mosquito	t͡sɯ̃́ə	marrow	t͡ɕʰúə	sick, be
zɯ̃̀ə	suck	zɯ̃̀ə	suck	kʰɹ̥ɯ̀e	intestine	kʰɹ̥ɯ̀e	intestine	kʰr̥ɯ̀e	large intestine
t͡ɕʰɯ̃̀ə	wing	kʰɹ̥ɯ̀e	intestine	t͡ɕɯ̂ə̃	mosquito	t͡ɕʰɯ̂ə	like	kʰɹ̥ɯ̀e	intestine
kʰɹ̥ɯ̀e	intestine	kʰɹ̥ɯ̀e	intestine	kʰr̥ɯ̀e	large intestine	t͡ɕʰɯ̃̀ə	wing	sxɯ̃̀ə	husked rice
xúe	ginger	t͡ɕʰɯ̃̀ə	wing	kʰɹ̥ɯ̀e	intestine	t͡ɕɯ̂ə̃	mosquito	t͡sɯ̃́ə	marrow
tõ̂	weave	tõ̂	weave	tõ̂	weave	tó	weave	tó	weave
t͡ɕɯ̂ə̃	mosquito	t͡sɯ̃́ə	marrow	t͡ɕɯ̃́ə	moon	t͡ɕʰɯ̃̀ə	wing	sxɯ̃̀ə	husked rice
nâ	two	nâ	two	t͡ɕʰɯ̃̀ə	wing	kʰɹ̥ɯ̀e	intestine	t͡ɕɯ̂ə̃	mosquito
t͡ɕʰɯ̃̀ə	wing	kʰɹ̥ɯ̀e	intestine	t͡ɕɯ̂ə̃	mosquito	t͡sɯ̃́ə	marrow	t͡ɕʰɯ̂ə	like
t͡ɕʰɯ̃̀ə	wing	kʰɹ̥ɯ̀e	intestine	t͡ɕɯ̂ə̃	mosquito	t͡sɯ̃́ə	marrow	t͡ɕʰúə	sick, be
sxɯ̃̀ə	husked rice	kʰɹ̥ɯ̀e	intestine	r̥ɯ̃̀ə	headlouse	t͡ɕɯ̂ə̃	mosquito	t͡sɯ̃́ə	marrow
t͡ɕʰɯ̃̀ə	wing	kʰɹ̥ɯ̀e	intestine	t͡ɕɯ̂ə̃	mosquito	t͡sɯ̃́ə	marrow	t͡ɕʰúə	sick, be
t͡ɕʰɯ̃̀ə	wing	kʰɹ̥ɯ̀e	intestine	t͡ɕɯ̂ə̃	mosquito	t͡sɯ̃́ə	marrow	t͡ɕʰúə	sick, be
t͡ɕʰɯ̃̀ə	wing	kʰɹ̥ɯ̀e	intestine	t͡ɕɯ̂ə̃	mosquito	t͡sɯ̃́ə	marrow	t͡ɕʰúə	sick, be
t͡ɕʰɯ̃̀ə	wing	kʰɹ̥ɯ̀e	intestine	t͡ɕɯ̂ə̃	mosquito	t͡ɕʰúə	sick, be	t͡ɕʰûə	burning
t͡ɕʰɯ̃̀ə	wing	kʰɹ̥ɯ̀e	intestine	t͡ɕɯ̂ə̃	mosquito	t͡sɯ̃́ə	marrow	t͡ɕʰúə	sick, be
t͡ɕʰɯ̃̀ə	wing	kʰɹ̥ɯ̀e	intestine	t͡ɕɯ̂ə̃	mosquito	t͡sɯ̃́ə	marrow	t͡ɕʰúə	sick, be
t͡ɕʰɯ̃̀ə	wing	kʰɹ̥ɯ̀e	intestine	t͡ɕɯ̂ə̃	mosquito	t͡sɯ̃́ə	marrow	t͡ɕʰúə	sick, be
tʰú	deep	tʰú	deep	sxɯ̃̀ə	husked rice	kʰɹ̥ɯ̀e	intestine	r̥ɯ̃̀ə	headlouse
sxɯ̃̀ə	husked rice	kʰɹ̥ɯ̀e	intestine	r̥ɯ̃̀ə	headlouse	t͡ɕɯ̂ə̃	mosquito	t͡sɯ̃́ə	marrow
t͡ɕʰɯ̃̀ə	wing	kʰɹ̥ɯ̀e	intestine	t͡ɕɯ̂ə̃	mosquito	t͡ɕʰúə	sick, be	t͡ɕʰûə	burning
mìe	face	t͡ɕʰɯ̃̀ə	wing	kʰɹ̥ɯ̀e	intestine	t͡ɕɯ̂ə̃	mosquito	t͡sɯ̃́ə	marrow
t͡ɕʰɯ̃̀ə	wing	kʰɹ̥ɯ̀e	intestine	t͡ɕɯ̂ə̃	mosquito	t͡sɯ̃́ə	marrow	t͡ɕʰúə	sick, be
t͡ɕʰɯ̃̀ə	wing	kʰɹ̥ɯ̀e	intestine	t͡ɕɯ̂ə̃	mosquito	t͡sɯ̃́ə	marrow	t͡ɕʰúə	sick, be
t͡ɕʰɯ̃̀ə	wing	kʰɹ̥ɯ̀e	intestine	t͡ɕɯ̂ə̃	mosquito	t͡ɕʰúə	sick, be	t͡ɕʰûə	burning
kuə	pestle	t͡ɕʰɯ̃̀ə	wing	t͡ɕɯ̂ə̃	mosquito	t͡sɯ̃́ə	marrow	t͡ɕʰɯ̂ə	like
ɲùe	pus	t͡ɕʰɯ̃̀ə	wing	kʰɹ̥ɯ̀e	intestine	t͡ɕɯ̂ə̃	mosquito	t͡sɯ̃́ə	marrow
t͡ɕʰɯ̃̀ə	wing	kʰɹ̥ɯ̀e	intestine	t͡ɕɯ̂ə̃	mosquito	t͡sɯ̃́ə	marrow	t͡ɕʰúə	sick, be
ká	bite	ká	bite	t͡ɕʰɯ̃̀ə	wing	t͡ɕɯ̂ə̃	mosquito	t͡sɯ̃́ə	marrow
sɯ́	bamboo	sɯ́	bamboo	t͡ɕʰɯ̃̀ə	wing	kʰɹ̥ɯ̀e	intestine	t͡ɕɯ̂ə̃	mosquito
kẽ́	cross	t͡ɕʰɯ̃̀ə	wing	t͡ɕɯ̂ə̃	mosquito	t͡sɯ̃́ə	marrow	t͡ɕʰúə	sick, be
t͡ɕʰɯ̃̀ə	wing	kʰɹ̥ɯ̀e	intestine	t͡ɕɯ̂ə̃	mosquito	t͡sɯ̃́ə	marrow	t͡ɕʰúə	sick, be
t͡ɕʰɯ̃̀ə	wing	kʰɹ̥ɯ̀e	intestine	t͡ɕɯ̂ə̃	mosquito	t͡sɯ̃́ə	marrow	t͡ɕʰúə	sick, be
t͡ɕʰɯ̃̀ə	wing	kʰɹ̥ɯ̀e	intestine	t͡ɕɯ̂ə̃	mosquito	t͡sɯ̃́ə	marrow	t͡ɕʰúə	sick, be
t͡ɕʰɯ̃̀ə	wing	kʰɹ̥ɯ̀e	intestine	t͡ɕɯ̂ə̃	mosquito	t͡sɯ̃́ə	marrow	t͡ɕʰúə	sick, be
sxã̀	penis	t͡ɕʰɯ̃̀ə	wing	kʰɹ̥ɯ̀e	intestine	t͡ɕɯ̂ə̃	mosquito	t͡sɯ̃́ə	marrow
kûe	horse	kûe	horse	kûe	horse	t͡ɕʰɯ̃̀ə	wing	t͡ɕɯ̂ə̃	mosquito
sê	thorn	sê	thorn	t͡ɕʰɯ̃̀ə	wing	kʰɹ̥ɯ̀e	intestine	t͡ɕɯ̂ə̃	mosquito
kə́	root	t͡ɕʰɯ̃̀ə	wing	kʰɹ̥ɯ̀e	intestine	t͡ɕɯ̂ə̃	mosquito	t͡sɯ̃́ə	marrow
txɯ̂	fat	sxɯ̃̀ə	husked rice	kʰɹ̥ɯ̀e	intestine	r̥ɯ̃̀ə	headlouse	t͡ɕɯ̂ə̃	mosquito
t͡ɕʰɯ̃̀ə	wing	kʰɹ̥ɯ̀e	intestine	t͡ɕɯ̂ə̃	mosquito	t͡ɕʰúə	sick, be	t͡ɕʰûə	burning
kʰɹ̥ɯ̀e	intestine	kʰɹ̥ɯ̀e	intestine	kʰr̥ɯ̀e	large intestine	t͡ɕʰɯ̃̀ə	wing	sxɯ̃̀ə	husked rice
t͡ɕɯ̂ə̃	mosquito	t͡sɯ̃́ə	marrow	t͡ɕɯ̃́ə	moon	t͡ɕʰɯ̃̀ə	wing	sxɯ̃̀ə	husked rice
sxɯ̃̀ə	husked rice	kʰɹ̥ɯ̀e	intestine	r̥ɯ̃̀ə	headlouse	t͡ɕɯ̂ə̃	mosquito	t͡sɯ̃́ə	marrow
t͡ɕʰɯ̃̀ə	wing	t͡ɕɯ̂ə̃	mosquito	t͡sɯ̃́ə	marrow	t͡ɕʰúə	sick, be	t͡ɕʰûə	burning
t͡ɕʰɯ̃̀ə	wing	kʰɹ̥ɯ̀e	intestine	t͡ɕɯ̂ə̃	mosquito	t͡ɕʰúə	sick, be	t͡ɕʰûə	burning
t͡ɕʰɯ̃̀ə	wing	kʰɹ̥ɯ̀e	intestine	t͡ɕɯ̂ə̃	mosquito	t͡sɯ̃́ə	marrow	t͡ɕʰúə	sick, be
t͡ɕʰɯ̃̀ə	wing	kʰɹ̥ɯ̀e	intestine	t͡ɕɯ̂ə̃	mosquito	t͡sɯ̃́ə	marrow	t͡ɕʰúə	sick, be
sxɯ̃̀ə	husked rice	kʰɹ̥ɯ̀e	intestine	r̥ɯ̃̀ə	headlouse	t͡ɕɯ̂ə̃	mosquito	t͡sɯ̃́ə	marrow
kfɯ̀	anus	kfɯ̀	anus	t͡ɕɯ̂ə̃	mosquito	t͡sɯ̃́ə	marrow	t͡ɕɯ̃́ə	moon
ɹɯ́	snake	ɹɯ́	snake	ɹɯ́	snake	kʰɹ̥ɯ̀e	intestine	t͡ɕɯ̂ə̃	mosquito
ɕúe	wind	ɕúe	wind	t͡ɕʰɯ̃̀ə	wing	kʰɹ̥ɯ̀e	intestine	t͡ɕɯ̂ə̃	mosquito
t͡ɕʰɯ̃̀ə	wing	t͡ɕɯ̂ə̃	mosquito	t͡sɯ̃́ə	marrow	t͡ɕʰúə	sick, be	t͡ɕʰûə	burning
kʰɹ̥ɯ̀e	intestine	kʰɹ̥ɯ̀e	intestine	kʰr̥ɯ̀e	large intestine	t͡ɕʰɯ̃̀ə	wing	sxɯ̃̀ə	husked rice
t͡ɕɯ̃́ə	moon	t͡ɕʰɯ̃̀ə	wing	kʰɹ̥ɯ̀e	intestine	t͡ɕɯ̂ə̃	mosquito	t͡sɯ̃́ə	marrow
hè	six	trú	six	t͡ɕʰɯ̃̀ə	wing	kʰɹ̥ɯ̀e	intestine	t͡ɕɯ̂ə̃	mosquito
t͡ɕʰɯ̃̀ə	wing	kʰɹ̥ɯ̀e	intestine	t͡ɕɯ̂ə̃	mosquito	t͡sɯ̃́ə	marrow	t͡ɕʰɯ̂ə	like
sxɯ̃̀ə	husked rice	kʰɹ̥ɯ̀e	intestine	r̥ɯ̃̀ə	headlouse	t͡ɕɯ̂ə̃	mosquito	t͡sɯ̃́ə	marrow
sɯ̃̀ə	sweet	sɯ̃̀ə	sweet	t͡ɕʰɯ̃̀ə	wing	kʰɹ̥ɯ̀e	intestine	t͡ɕɯ̂ə̃	mosquito
kxɯ̂	grasshopper	kxɯ̂	grasshopper	kxɯ̂	grasshopper	t͡ɕɯ̂ə̃	mosquito	t͡sɯ̃́ə	marrow
dû	brain	dû	brain	kʰɹ̥ɯ̀e	intestine	kʰɹ̥ɯ̀e	intestine	kʰr̥ɯ̀e	large intestine
t͡ɕʰɯ̃̀ə	wing	kʰɹ̥ɯ̀e	intestine	t͡ɕɯ̂ə̃	mosquito	t͡sɯ̃́ə	marrow	t͡ɕʰúə	sick, be
t͡sɯ́	salt	t͡sɯ́	salt	t͡ɕʰɯ̃̀ə	wing	kʰɹ̥ɯ̀e	intestine	t͡ɕɯ̂ə̃	mosquito
t͡ɕʰɯ̃̀ə	wing	kʰɹ̥ɯ̀e	intestine	t͡ɕɯ̂ə̃	mosquito	t͡ɕʰɯ̂ə	like	kʰɹ̥ɯ̀e	intestine
t͡ɕʰɯ̃̀ə	wing	kʰɹ̥ɯ̀e	intestine	t͡ɕɯ̂ə̃	mosquito	t͡sɯ̃́ə	marrow	t͡ɕʰɯ̂ə	like
sɯ̂	blood	ǹ	blood	t͡ɕʰɯ̃̀ə	wing	kʰɹ̥ɯ̀e	intestine	t͡ɕɯ̂ə̃	mosquito
ká	bite	ká	bite	t͡ɕʰɯ̃̀ə	wing	t͡ɕɯ̂ə̃	mosquito	t͡sɯ̃́ə	marrow
t͡ɕʰɯ̃̀ə	wing	kʰɹ̥ɯ̀e	intestine	t͡ɕɯ̂ə̃	mosquito	t͡sɯ̃́ə	marrow	t͡ɕʰúə	sick, be
t͡sý	water	t͡sý	water	ǹ	water	t͡ɕʰɯ̃̀ə	wing	kʰɹ̥ɯ̀e	intestine
t͡ɕʰɯ̃̀ə	wing	kʰɹ̥ɯ̀e	intestine	t͡ɕɯ̂ə̃	mosquito	t͡sɯ̃́ə	marrow	t͡ɕʰúə	sick, be
ɕì	tooth	t͡ɕʰɯ̃̀ə	wing	kʰɹ̥ɯ̀e	intestine	t͡ɕɯ̂ə̃	mosquito	t͡sɯ̃́ə	marrow
xû	pig	xû	pig	xû	pig	t͡ɕʰɯ̃̀ə	wing	kʰɹ̥ɯ̀e	intestine
ɕŷ	tempt	t͡ɕʰɯ̃̀ə	wing	kʰɹ̥ɯ̀e	intestine	t͡ɕɯ̂ə̃	mosquito	t͡ɕʰɯ̂ə	like
ɕì	axe	ɕì	axe	t͡ɕʰɯ̃̀ə	wing	kʰɹ̥ɯ̀e	intestine	t͡ɕɯ̂ə̃	mosquito
t͡ɕʰɯ̃̀ə	wing	kʰɹ̥ɯ̀e	intestine	t͡ɕɯ̂ə̃	mosquito	t͡sɯ̃́ə	marrow	t͡ɕʰúə	sick, be
t͡ɕʰɯ̃̀ə	wing	kʰɹ̥ɯ̀e	intestine	t͡ɕɯ̂ə̃	mosquito	t͡sɯ̃́ə	marrow	t͡ɕʰúə	sick, be
mɯ̂ə	brother-in-law	t͡ɕʰɯ̃̀ə	wing	kʰɹ̥ɯ̀e	intestine	t͡ɕɯ̂ə̃	mosquito	t͡sɯ̃́ə	marrow
nɯ̀	child	t͡ɕʰɯ̃̀ə	wing	kʰɹ̥ɯ̀e	intestine	t͡ɕɯ̂ə̃	mosquito	t͡sɯ̃́ə	marrow
t͡ɕʰɯ̃̀ə	wing	kʰɹ̥ɯ̀e	intestine	t͡ɕɯ̂ə̃	mosquito	t͡sɯ̃́ə	marrow	t͡ɕʰɯ̂ə	like
t͡sý	water	t͡sý	water	ǹ	water	t͡ɕʰɯ̃̀ə	wing	kʰɹ̥ɯ̀e	intestine
mɯ̂	eye	t͡ɕʰɯ̃̀ə	wing	kʰɹ̥ɯ̀e	intestine	t͡ɕɯ̂ə̃	mosquito	t͡sɯ̃́ə	marrow
sxɯ̃̀ə	husked rice	kʰɹ̥ɯ̀e	intestine	r̥ɯ̃̀ə	headlouse	t͡ɕɯ̂ə̃	mosquito	t͡sɯ̃́ə	marrow
hé	ten	t͡ɕʰɯ̃̀ə	wing	kʰɹ̥ɯ̀e	intestine	t͡ɕɯ̂ə̃	mosquito	t͡sɯ̃́ə	marrow
pzɯ́	grandmother	t͡ɕʰɯ̃̀ə	wing	kʰɹ̥ɯ̀e	intestine	t͡ɕɯ̂ə̃	mosquito	t͡sɯ̃́ə	marrow
t͡ɕʰɯ̃̀ə	wing	kʰɹ̥ɯ̀e	intestine	t͡ɕɯ̂ə̃	mosquito	t͡sɯ̃́ə	marrow	t͡ɕʰúə	sick, be
t͡ɕʰɯ̃̀ə	wing	kʰɹ̥ɯ̀e	intestine	t͡ɕɯ̂ə̃	mosquito	t͡sɯ̃́ə	marrow	t͡ɕʰúə	sick, be
t͡ɕʰɯ̃̀ə	wing	kʰɹ̥ɯ̀e	intestine	t͡ɕɯ̂ə̃	mosquito	t͡sɯ̃́ə	marrow	t͡ɕʰɯ̂ə	like
t͡ɕʰɯ̃̀ə	wing	kʰɹ̥ɯ̀e	intestine	t͡ɕɯ̂ə̃	mosquito	t͡sɯ̃́ə	marrow	t͡ɕʰúə	sick, be
t͡ɕʰɯ̃̀ə	wing	kʰɹ̥ɯ̀e	intestine	t͡ɕɯ̂ə̃	mosquito	t͡sɯ̃́ə	marrow	t͡ɕʰúə	sick, be
t͡ɕʰɯ̃̀ə	wing	kʰɹ̥ɯ̀e	intestine	t͡ɕɯ̂ə̃	mosquito	t͡ɕʰúə	sick, be	t͡ɕʰûə	burning
sxɯ̃̀ə	husked rice	kʰɹ̥ɯ̀e	intestine	r̥ɯ̃̀ə	headlouse	t͡ɕɯ̂ə̃	mosquito	t͡sɯ̃́ə	marrow
t͡ɕʰɯ̃̀ə	wing	t͡ɕɯ̂ə̃	mosquito	t͡sɯ̃́ə	marrow	t͡ɕʰúə	sick, be	t͡ɕʰûə	burning
sxɯ̃̀ə	husked rice	kʰɹ̥ɯ̀e	intestine	r̥ɯ̃̀ə	headlouse	t͡ɕɯ̂ə̃	mosquito	t͡sɯ̃́ə	marrow
nɯ	mother-in-law	nɯ	mother-in-law	t͡ɕʰɯ̃̀ə	wing	kʰɹ̥ɯ̀e	intestine	t͡ɕɯ̂ə̃	mosquito
t͡ɕɯ̂ə̃	mosquito	t͡sɯ̃́ə	marrow	t͡ɕɯ̃́ə	moon	t͡ɕʰɯ̃̀ə	wing	sxɯ̃̀ə	husked rice
t͡ɕʰɯ̃̀ə	wing	kʰɹ̥ɯ̀e	intestine	t͡ɕɯ̂ə̃	mosquito	t͡sɯ̃́ə	marrow	t͡ɕʰúə	sick, be
kʰɹ̥ɯ̀e	intestine	kʰɹ̥ɯ̀e	intestine	kʰr̥ɯ̀e	large intestine	t͡ɕʰɯ̃̀ə	wing	sxɯ̃̀ə	husked rice
hẽ́	curry	t͡ɕʰɯ̃̀ə	wing	kʰɹ̥ɯ̀e	intestine	t͡ɕɯ̂ə̃	mosquito	t͡sɯ̃́ə	marrow
